nisr_district_code,district_name,gaul_district_code,year,season,ndvi_mean,rainfall_mm,cropland_fraction,soil_ph,soil_nitrogen,soil_carbon,soil_texture_class
57,Bugesera,21974,2019,B,0.5229915181770682,356.2284000991758,0.5067645094186242,5.659800044110384,1.3506601743239406,14.34694403154165,6.000000000000003
53,Gatsibo,21978,2019,B,0.6309147292174437,423.8718825216793,0.2950993020046878,5.792148069452075,1.6461577492646406,17.820145915861083,4.0
54,Kayonza,21984,2019,B,0.5673920668621786,412.4393009917547,0.243666158978436,5.824105795780387,1.5161378970594566,16.05896461966919,6.0
55,Kirehe,21986,2019,B,0.6206849635710455,385.23945777141705,0.3130416170749928,5.773538144718498,1.590185736202253,16.738568698101986,6.000000000000002
56,Ngoma,21989,2019,B,0.6057600856973251,383.4083739508681,0.316190619408045,5.720893812074412,1.7688046836820444,18.15658779168754,4.0
52,Nyagatare,21992,2019,B,0.6266789022561807,358.2974558947084,0.4332956498231525,5.856513473890463,1.4753037289108637,16.018232067244718,5.999999999999994
51,Rwamagana,22003,2019,B,0.6213118381963246,400.3559697638772,0.4364935111776315,5.72713424976171,1.7191285024935965,18.26376326770244,4.0
12,Gasabo,21977,2019,B,0.5504429354493532,392.2251919781343,0.2272159411463635,5.640467037477606,1.845856663506921,19.10211664328921,4.0
13,Kicukiro,21985,2019,B,0.5223192486194803,364.88464466781335,0.3041418034381984,5.826445370208122,1.581116931605106,16.24592478141235,5.999999999999993
11,Nyarugenge,21996,2019,B,0.5384466692309815,384.4218308204784,0.1984674121768121,5.709911700853864,1.7641536488270508,17.65539946352865,4.0
44,Burera,21975,2019,B,0.5457331906150387,424.2183581342525,0.3852834952536765,5.406507461567321,2.4335303229738336,24.00553620006054,4.0
42,Gakenke,21976,2019,B,0.5911528787094613,459.21654070015984,0.2580015355124729,5.171783272106973,2.0690162785746296,20.39372948263924,4.0
45,Gicumbi,21979,2019,B,0.5983173367538824,448.91246500793886,0.2886981314038741,5.2664046474736415,2.2274447778745405,22.91664893701479,4.0
43,Musanze,21988,2019,B,0.5114055810342412,503.8715346231731,0.2924119576219608,5.674835032887586,2.897772644197332,28.445580837726705,4.0
41,Rulindo,22000,2019,B,0.5730635048816786,465.4860874067467,0.3414748065785841,5.216651501196864,2.109533988074624,21.499057053070302,4.0
22,Gisagara,21980,2019,B,0.6094418409797802,507.5570657440009,0.5093291580500764,5.570767549068002,1.6241298425853063,17.399741104945374,5.9999999999999964
24,Huye,21981,2019,B,0.5721729896196339,523.8747033382198,0.4831069601347943,5.40878255789124,1.727480365125106,18.58606871813945,6.000000000000004
28,Kamonyi,21982,2019,B,0.5482392727233987,409.5743289200632,0.4066801976383463,5.606051673004592,1.5794743698741696,16.889019807482804,5.999999999999997
27,Muhanga,21987,2019,B,0.5633888578292062,420.97284491993673,0.2641065567352897,5.235681445979977,1.8726002852932524,19.1618918998444,4.0
25,Nyamagabe,21993,2019,B,0.5294968434992332,509.59311460396896,0.2274798353579596,5.051943843900235,2.5375893099524407,27.083821914839607,4.0
21,Nyanza,21995,2019,B,0.5730904890576503,462.9436801974917,0.5540330997800088,5.579097522814594,1.507659377010218,16.609853427898692,5.999999999999997
23,Nyaruguru,21997,2019,B,0.566331982042962,537.5210096193588,0.2014131292392842,5.075797903862237,2.582280565330214,26.651652605160272,4.0
26,Ruhango,21999,2019,B,0.5471492994519382,404.8856029319146,0.5481010866565835,5.526533941763441,1.4714375346432134,15.828692172929356,5.999999999999991
31,Karongi,21983,2019,B,0.506778906975578,421.7657302896407,0.2484621680352344,5.188252458562286,2.01971259271868,20.725684257101896,4.0
35,Ngororero,21990,2019,B,0.5716856728974049,434.0985718030247,0.3270207286594074,5.089293086160178,2.1045178792871355,21.233660202338807,4.0
34,Nyabihu,21991,2019,B,0.5555663890200235,478.611922496342,0.3624176437271927,5.299862824327626,2.7518320314715248,27.519860479111927,4.0
37,Nyamasheke,21994,2019,B,0.51177347390196,497.385253625033,0.0722134730708958,5.139328803933467,2.4544630912871144,24.827785160416123,4.0
33,Rubavu,21998,2019,B,0.4859330749080661,400.99455374821406,0.4019456627525638,5.830401531646431,2.4443440413446926,24.935685753682176,4.0
36,Rusizi,22001,2019,B,0.6176685727310564,509.889697938184,0.1539136390634826,5.193463401254795,2.640861150181258,25.211363346822985,4.0
32,Rutsiro,22002,2019,B,0.3454070623009983,412.3531345707327,0.1674753126718447,5.134415850385378,2.365918373145785,23.2979982836788,4.0
57,Bugesera,21974,2020,B,0.5360011731906615,343.6357746795153,0.5067645094186242,5.659800044110384,1.3506601743239406,14.34694403154165,6.000000000000003
53,Gatsibo,21978,2020,B,0.6178151403067949,433.671640197846,0.2950993020046878,5.792148069452075,1.6461577492646406,17.820145915861083,4.0
54,Kayonza,21984,2020,B,0.5951188134807901,451.68717041779314,0.243666158978436,5.824105795780387,1.5161378970594566,16.05896461966919,6.0
55,Kirehe,21986,2020,B,0.5992851972366423,409.2966933921634,0.3130416170749928,5.773538144718498,1.590185736202253,16.738568698101986,6.000000000000002
56,Ngoma,21989,2020,B,0.5976777820941183,393.72533726914565,0.316190619408045,5.720893812074412,1.7688046836820444,18.15658779168754,4.0
52,Nyagatare,21992,2020,B,0.6258107816628862,380.67400883413,0.4332956498231525,5.856513473890463,1.4753037289108637,16.018232067244718,5.999999999999994
51,Rwamagana,22003,2020,B,0.6375539365132235,391.445732824848,0.4364935111776315,5.72713424976171,1.7191285024935965,18.26376326770244,4.0
12,Gasabo,21977,2020,B,0.5675220269498416,375.7751073423544,0.2272159411463635,5.640467037477606,1.845856663506921,19.10211664328921,4.0
13,Kicukiro,21985,2020,B,0.4890840200986894,364.1592522069512,0.3041418034381984,5.826445370208122,1.581116931605106,16.24592478141235,5.999999999999993
11,Nyarugenge,21996,2020,B,0.5055560582800356,361.76827404270455,0.1984674121768121,5.709911700853864,1.7641536488270508,17.65539946352865,4.0
44,Burera,21975,2020,B,0.5490643346593296,438.4198898194129,0.3852834952536765,5.406507461567321,2.4335303229738336,24.00553620006054,4.0
42,Gakenke,21976,2020,B,0.5728148201250625,431.0943407424051,0.2580015355124729,5.171783272106973,2.0690162785746296,20.39372948263924,4.0
45,Gicumbi,21979,2020,B,0.6140556167986164,413.7421423898175,0.2886981314038741,5.2664046474736415,2.2274447778745405,22.91664893701479,4.0
43,Musanze,21988,2020,B,0.5472904796832134,538.2625444844034,0.2924119576219608,5.674835032887586,2.897772644197332,28.445580837726705,4.0
41,Rulindo,22000,2020,B,0.5848382789274865,411.116753394984,0.3414748065785841,5.216651501196864,2.109533988074624,21.499057053070302,4.0
22,Gisagara,21980,2020,B,0.6048348710787398,470.35659754484936,0.5093291580500764,5.570767549068002,1.6241298425853063,17.399741104945374,5.9999999999999964
24,Huye,21981,2020,B,0.586937058901122,479.6583856434457,0.4831069601347943,5.40878255789124,1.727480365125106,18.58606871813945,6.000000000000004
28,Kamonyi,21982,2020,B,0.5437926158305975,366.3380344683646,0.4066801976383463,5.606051673004592,1.5794743698741696,16.889019807482804,5.999999999999997
27,Muhanga,21987,2020,B,0.5195352389491612,421.8204748790832,0.2641065567352897,5.235681445979977,1.8726002852932524,19.1618918998444,4.0
25,Nyamagabe,21993,2020,B,0.5870458389724881,539.7178595899967,0.2274798353579596,5.051943843900235,2.5375893099524407,27.083821914839607,4.0
21,Nyanza,21995,2020,B,0.5839346248058644,430.24848864167205,0.5540330997800088,5.579097522814594,1.507659377010218,16.609853427898692,5.999999999999997
23,Nyaruguru,21997,2020,B,0.6030542149278265,578.906864815089,0.2014131292392842,5.075797903862237,2.582280565330214,26.651652605160272,4.0
26,Ruhango,21999,2020,B,0.5367715082160737,414.28742335248,0.5481010866565835,5.526533941763441,1.4714375346432134,15.828692172929356,5.999999999999991
31,Karongi,21983,2020,B,0.5308367773653998,465.11839826916287,0.2484621680352344,5.188252458562286,2.01971259271868,20.725684257101896,4.0
35,Ngororero,21990,2020,B,0.5298830155947271,483.3298480531722,0.3270207286594074,5.089293086160178,2.1045178792871355,21.233660202338807,4.0
34,Nyabihu,21991,2020,B,0.5404639531940374,526.9504998688368,0.3624176437271927,5.299862824327626,2.7518320314715248,27.519860479111927,4.0
37,Nyamasheke,21994,2020,B,0.5503144814707599,532.3873436933396,0.0722134730708958,5.139328803933467,2.4544630912871144,24.827785160416123,4.0
33,Rubavu,21998,2020,B,0.5370051013335934,457.5774571204798,0.4019456627525638,5.830401531646431,2.4443440413446926,24.935685753682176,4.0
36,Rusizi,22001,2020,B,0.6428619772745698,547.4072399559568,0.1539136390634826,5.193463401254795,2.640861150181258,25.211363346822985,4.0
32,Rutsiro,22002,2020,B,0.3885081395818871,470.08407005474805,0.1674753126718447,5.134415850385378,2.365918373145785,23.2979982836788,4.0
57,Bugesera,21974,2021,B,0.5573476725240349,392.9931566881498,0.5067645094186242,5.659800044110384,1.3506601743239406,14.34694403154165,6.000000000000003
53,Gatsibo,21978,2021,B,0.6064500368669739,456.342392971027,0.2950993020046878,5.792148069452075,1.6461577492646406,17.820145915861083,4.0
54,Kayonza,21984,2021,B,0.5626445962635329,456.4245389668224,0.243666158978436,5.824105795780387,1.5161378970594566,16.05896461966919,6.0
55,Kirehe,21986,2021,B,0.6058299274314243,459.4212392881008,0.3130416170749928,5.773538144718498,1.590185736202253,16.738568698101986,6.000000000000002
56,Ngoma,21989,2021,B,0.598802532656781,454.20150043750806,0.316190619408045,5.720893812074412,1.7688046836820444,18.15658779168754,4.0
52,Nyagatare,21992,2021,B,0.6007907989287825,382.282573674072,0.4332956498231525,5.856513473890463,1.4753037289108637,16.018232067244718,5.999999999999994
51,Rwamagana,22003,2021,B,0.6087371003116242,452.7452062951653,0.4364935111776315,5.72713424976171,1.7191285024935965,18.26376326770244,4.0
12,Gasabo,21977,2021,B,0.5667077459926024,460.6619988408498,0.2272159411463635,5.640467037477606,1.845856663506921,19.10211664328921,4.0
13,Kicukiro,21985,2021,B,0.5108616414112721,450.628720448262,0.3041418034381984,5.826445370208122,1.581116931605106,16.24592478141235,5.999999999999993
11,Nyarugenge,21996,2021,B,0.5528867510976795,446.1796921408176,0.1984674121768121,5.709911700853864,1.7641536488270508,17.65539946352865,4.0
44,Burera,21975,2021,B,0.5081255793147145,384.4574141732004,0.3852834952536765,5.406507461567321,2.4335303229738336,24.00553620006054,4.0
42,Gakenke,21976,2021,B,0.5642114712807533,428.8320613249852,0.2580015355124729,5.171783272106973,2.0690162785746296,20.39372948263924,4.0
45,Gicumbi,21979,2021,B,0.6015567465256165,466.37395253762406,0.2886981314038741,5.2664046474736415,2.2274447778745405,22.91664893701479,4.0
43,Musanze,21988,2021,B,0.5086917699058897,411.9036327051777,0.2924119576219608,5.674835032887586,2.897772644197332,28.445580837726705,4.0
41,Rulindo,22000,2021,B,0.5841156808946809,488.2190626590319,0.3414748065785841,5.216651501196864,2.109533988074624,21.499057053070302,4.0
22,Gisagara,21980,2021,B,0.6009628188895597,516.6237042410594,0.5093291580500764,5.570767549068002,1.6241298425853063,17.399741104945374,5.9999999999999964
24,Huye,21981,2021,B,0.5631836804673281,547.8359318352084,0.4831069601347943,5.40878255789124,1.727480365125106,18.58606871813945,6.000000000000004
28,Kamonyi,21982,2021,B,0.5739284882077521,427.1082795563201,0.4066801976383463,5.606051673004592,1.5794743698741696,16.889019807482804,5.999999999999997
27,Muhanga,21987,2021,B,0.5502066195832678,426.43962214509753,0.2641065567352897,5.235681445979977,1.8726002852932524,19.1618918998444,4.0
25,Nyamagabe,21993,2021,B,0.5475888232085493,480.3094848054626,0.2274798353579596,5.051943843900235,2.5375893099524407,27.083821914839607,4.0
21,Nyanza,21995,2021,B,0.5852168408901065,494.1924966429607,0.5540330997800088,5.579097522814594,1.507659377010218,16.609853427898692,5.999999999999997
23,Nyaruguru,21997,2021,B,0.572068099312042,512.4418814552182,0.2014131292392842,5.075797903862237,2.582280565330214,26.651652605160272,4.0
26,Ruhango,21999,2021,B,0.5565427327370084,428.864507881635,0.5481010866565835,5.526533941763441,1.4714375346432134,15.828692172929356,5.999999999999991
31,Karongi,21983,2021,B,0.5185639798493279,369.0856693539186,0.2484621680352344,5.188252458562286,2.01971259271868,20.725684257101896,4.0
35,Ngororero,21990,2021,B,0.5459256490161519,387.7445206970213,0.3270207286594074,5.089293086160178,2.1045178792871355,21.233660202338807,4.0
34,Nyabihu,21991,2021,B,0.5388003556670309,394.8314336814913,0.3624176437271927,5.299862824327626,2.7518320314715248,27.519860479111927,4.0
37,Nyamasheke,21994,2021,B,0.5359008241938605,430.564853663778,0.0722134730708958,5.139328803933467,2.4544630912871144,24.827785160416123,4.0
33,Rubavu,21998,2021,B,0.5214816814695212,347.4184361341012,0.4019456627525638,5.830401531646431,2.4443440413446926,24.935685753682176,4.0
36,Rusizi,22001,2021,B,0.6403576062254058,458.04432743624847,0.1539136390634826,5.193463401254795,2.640861150181258,25.211363346822985,4.0
32,Rutsiro,22002,2021,B,0.3584132897366668,357.04109025606306,0.1674753126718447,5.134415850385378,2.365918373145785,23.2979982836788,4.0
57,Bugesera,21974,2022,B,0.5551517763440584,351.76169533246605,0.5067645094186242,5.659800044110384,1.3506601743239406,14.34694403154165,6.000000000000003
53,Gatsibo,21978,2022,B,0.6277185326977607,406.8999519928721,0.2950993020046878,5.792148069452075,1.6461577492646406,17.820145915861083,4.0
54,Kayonza,21984,2022,B,0.5776642064521692,427.8291542017872,0.243666158978436,5.824105795780387,1.5161378970594566,16.05896461966919,6.0
55,Kirehe,21986,2022,B,0.609319623124609,403.4229809477962,0.3130416170749928,5.773538144718498,1.590185736202253,16.738568698101986,6.000000000000002
56,Ngoma,21989,2022,B,0.6189416144507743,397.1753823321287,0.316190619408045,5.720893812074412,1.7688046836820444,18.15658779168754,4.0
52,Nyagatare,21992,2022,B,0.621633933552069,336.9318492156713,0.4332956498231525,5.856513473890463,1.4753037289108637,16.018232067244718,5.999999999999994
51,Rwamagana,22003,2022,B,0.6232956658247022,395.9197721425156,0.4364935111776315,5.72713424976171,1.7191285024935965,18.26376326770244,4.0
12,Gasabo,21977,2022,B,0.5634256122142371,393.19019301758135,0.2272159411463635,5.640467037477606,1.845856663506921,19.10211664328921,4.0
13,Kicukiro,21985,2022,B,0.5219103139368693,381.7877264767346,0.3041418034381984,5.826445370208122,1.581116931605106,16.24592478141235,5.999999999999993
11,Nyarugenge,21996,2022,B,0.5536849694578656,396.6934556633775,0.1984674121768121,5.709911700853864,1.7641536488270508,17.65539946352865,4.0
44,Burera,21975,2022,B,0.5380576461805868,451.8928312633296,0.3852834952536765,5.406507461567321,2.4335303229738336,24.00553620006054,4.0
42,Gakenke,21976,2022,B,0.5872022075469553,443.0494621953055,0.2580015355124729,5.171783272106973,2.0690162785746296,20.39372948263924,4.0
45,Gicumbi,21979,2022,B,0.6316986388360453,422.4180266360539,0.2886981314038741,5.2664046474736415,2.2274447778745405,22.91664893701479,4.0
43,Musanze,21988,2022,B,0.5147941761188763,484.7896562419783,0.2924119576219608,5.674835032887586,2.897772644197332,28.445580837726705,4.0
41,Rulindo,22000,2022,B,0.592977375697658,431.1940766726414,0.3414748065785841,5.216651501196864,2.109533988074624,21.499057053070302,4.0
22,Gisagara,21980,2022,B,0.6335347743579988,469.94117897308655,0.5093291580500764,5.570767549068002,1.6241298425853063,17.399741104945374,5.9999999999999964
24,Huye,21981,2022,B,0.5895526774221048,492.8563700870557,0.4831069601347943,5.40878255789124,1.727480365125106,18.58606871813945,6.000000000000004
28,Kamonyi,21982,2022,B,0.5805338417392121,393.7289624759121,0.4066801976383463,5.606051673004592,1.5794743698741696,16.889019807482804,5.999999999999997
27,Muhanga,21987,2022,B,0.5647647364948556,398.4677511943685,0.2641065567352897,5.235681445979977,1.8726002852932524,19.1618918998444,4.0
25,Nyamagabe,21993,2022,B,0.5376793196837907,474.3758594113347,0.2274798353579596,5.051943843900235,2.5375893099524407,27.083821914839607,4.0
21,Nyanza,21995,2022,B,0.6022565733026946,438.720204576582,0.5540330997800088,5.579097522814594,1.507659377010218,16.609853427898692,5.999999999999997
23,Nyaruguru,21997,2022,B,0.5613025374935445,487.545612759242,0.2014131292392842,5.075797903862237,2.582280565330214,26.651652605160272,4.0
26,Ruhango,21999,2022,B,0.5716344691860691,414.0305146806109,0.5481010866565835,5.526533941763441,1.4714375346432134,15.828692172929356,5.999999999999991
31,Karongi,21983,2022,B,0.5088878225326366,415.67214221468095,0.2484621680352344,5.188252458562286,2.01971259271868,20.725684257101896,4.0
35,Ngororero,21990,2022,B,0.5742451830191726,422.0087963969524,0.3270207286594074,5.089293086160178,2.1045178792871355,21.233660202338807,4.0
34,Nyabihu,21991,2022,B,0.5609381002340238,465.2931134728755,0.3624176437271927,5.299862824327626,2.7518320314715248,27.519860479111927,4.0
37,Nyamasheke,21994,2022,B,0.5520766467520908,493.471079520538,0.0722134730708958,5.139328803933467,2.4544630912871144,24.827785160416123,4.0
33,Rubavu,21998,2022,B,0.5391378722407336,396.49741856826927,0.4019456627525638,5.830401531646431,2.4443440413446926,24.935685753682176,4.0
36,Rusizi,22001,2022,B,0.6345819399973055,475.9572755785493,0.1539136390634826,5.193463401254795,2.640861150181258,25.211363346822985,4.0
32,Rutsiro,22002,2022,B,0.3549188927661746,402.48553361387314,0.1674753126718447,5.134415850385378,2.365918373145785,23.2979982836788,4.0
57,Bugesera,21974,2023,B,0.529398933570313,400.7270479103208,0.5067645094186242,5.659800044110384,1.3506601743239406,14.34694403154165,6.000000000000003
53,Gatsibo,21978,2023,B,0.6100906433988317,430.8882600389925,0.2950993020046878,5.792148069452075,1.6461577492646406,17.820145915861083,4.0
54,Kayonza,21984,2023,B,0.545664701334058,387.2752186472294,0.243666158978436,5.824105795780387,1.5161378970594566,16.05896461966919,6.0
55,Kirehe,21986,2023,B,0.5856318932694589,412.6774504594575,0.3130416170749928,5.773538144718498,1.590185736202253,16.738568698101986,6.000000000000002
56,Ngoma,21989,2023,B,0.5720291263006121,433.0161443535218,0.316190619408045,5.720893812074412,1.7688046836820444,18.15658779168754,4.0
52,Nyagatare,21992,2023,B,0.6163069029356509,429.3566116022924,0.4332956498231525,5.856513473890463,1.4753037289108637,16.018232067244718,5.999999999999994
51,Rwamagana,22003,2023,B,0.6063695239242891,415.6559246205793,0.4364935111776315,5.72713424976171,1.7191285024935965,18.26376326770244,4.0
12,Gasabo,21977,2023,B,0.543193183610415,443.7218493917071,0.2272159411463635,5.640467037477606,1.845856663506921,19.10211664328921,4.0
13,Kicukiro,21985,2023,B,0.4894161892763273,398.7152438077498,0.3041418034381984,5.826445370208122,1.581116931605106,16.24592478141235,5.999999999999993
11,Nyarugenge,21996,2023,B,0.5086398352102596,432.32661886464456,0.1984674121768121,5.709911700853864,1.7641536488270508,17.65539946352865,4.0
44,Burera,21975,2023,B,0.5511879356970886,617.9253306595052,0.3852834952536765,5.406507461567321,2.4335303229738336,24.00553620006054,4.0
42,Gakenke,21976,2023,B,0.6005427046383941,626.9831053839121,0.2580015355124729,5.171783272106973,2.0690162785746296,20.39372948263924,4.0
45,Gicumbi,21979,2023,B,0.6160616663184283,569.9196140858189,0.2886981314038741,5.2664046474736415,2.2274447778745405,22.91664893701479,4.0
43,Musanze,21988,2023,B,0.5335174416958647,738.9208696215003,0.2924119576219608,5.674835032887586,2.897772644197332,28.445580837726705,4.0
41,Rulindo,22000,2023,B,0.570344230976235,585.1234221379842,0.3414748065785841,5.216651501196864,2.109533988074624,21.499057053070302,4.0
22,Gisagara,21980,2023,B,0.6146555352890772,498.7535921909082,0.5093291580500764,5.570767549068002,1.6241298425853063,17.399741104945374,5.9999999999999964
24,Huye,21981,2023,B,0.5899590073452792,508.64598415258166,0.4831069601347943,5.40878255789124,1.727480365125106,18.58606871813945,6.000000000000004
28,Kamonyi,21982,2023,B,0.5624012823393838,468.5196646364085,0.4066801976383463,5.606051673004592,1.5794743698741696,16.889019807482804,5.999999999999997
27,Muhanga,21987,2023,B,0.5663004801460095,583.0206129024698,0.2641065567352897,5.235681445979977,1.8726002852932524,19.1618918998444,4.0
25,Nyamagabe,21993,2023,B,0.6006634363030569,670.7145053719744,0.2274798353579596,5.051943843900235,2.5375893099524407,27.083821914839607,4.0
21,Nyanza,21995,2023,B,0.5831799320394263,505.8479840100552,0.5540330997800088,5.579097522814594,1.507659377010218,16.609853427898692,5.999999999999997
23,Nyaruguru,21997,2023,B,0.6112194550743837,617.2882056874511,0.2014131292392842,5.075797903862237,2.582280565330214,26.651652605160272,4.0
26,Ruhango,21999,2023,B,0.5647089463293125,506.5616899993455,0.5481010866565835,5.526533941763441,1.4714375346432134,15.828692172929356,5.999999999999991
31,Karongi,21983,2023,B,0.5174506885813108,586.2299962358686,0.2484621680352344,5.188252458562286,2.01971259271868,20.725684257101896,4.0
35,Ngororero,21990,2023,B,0.5583492631299675,637.0305697371954,0.3270207286594074,5.089293086160178,2.1045178792871355,21.233660202338807,4.0
34,Nyabihu,21991,2023,B,0.530660753052254,727.3889912304126,0.3624176437271927,5.299862824327626,2.7518320314715248,27.519860479111927,4.0
37,Nyamasheke,21994,2023,B,0.5663663938783267,652.6705150030435,0.0722134730708958,5.139328803933467,2.4544630912871144,24.827785160416123,4.0
33,Rubavu,21998,2023,B,0.5214558889175541,592.7203669250194,0.4019456627525638,5.830401531646431,2.4443440413446926,24.935685753682176,4.0
36,Rusizi,22001,2023,B,0.6607500717830669,647.8635046432252,0.1539136390634826,5.193463401254795,2.640861150181258,25.211363346822985,4.0
32,Rutsiro,22002,2023,B,0.3615391487675955,577.921698895832,0.1674753126718447,5.134415850385378,2.365918373145785,23.2979982836788,4.0
57,Bugesera,21974,2024,B,0.5638457295372226,319.16390864160866,0.5067645094186242,5.659800044110384,1.3506601743239406,14.34694403154165,6.000000000000003
53,Gatsibo,21978,2024,B,0.5968203904170613,313.5021860535644,0.2950993020046878,5.792148069452075,1.6461577492646406,17.820145915861083,4.0
54,Kayonza,21984,2024,B,0.5324947195570237,309.4871359163815,0.243666158978436,5.824105795780387,1.5161378970594566,16.05896461966919,6.0
55,Kirehe,21986,2024,B,0.6009857342777812,359.4511728242454,0.3130416170749928,5.773538144718498,1.590185736202253,16.738568698101986,6.000000000000002
56,Ngoma,21989,2024,B,0.5994474951489592,337.7595379353982,0.316190619408045,5.720893812074412,1.7688046836820444,18.15658779168754,4.0
52,Nyagatare,21992,2024,B,0.580326733680292,283.2188191258933,0.4332956498231525,5.856513473890463,1.4753037289108637,16.018232067244718,5.999999999999994
51,Rwamagana,22003,2024,B,0.6025159857274452,330.6457508115505,0.4364935111776315,5.72713424976171,1.7191285024935965,18.26376326770244,4.0
12,Gasabo,21977,2024,B,0.550768498618138,337.6885478277423,0.2272159411463635,5.640467037477606,1.845856663506921,19.10211664328921,4.0
13,Kicukiro,21985,2024,B,0.4942272062958557,322.0844357239712,0.3041418034381984,5.826445370208122,1.581116931605106,16.24592478141235,5.999999999999993
11,Nyarugenge,21996,2024,B,0.5527945493542523,345.0368881323094,0.1984674121768121,5.709911700853864,1.7641536488270508,17.65539946352865,4.0
44,Burera,21975,2024,B,0.5845024061326553,367.4091268532682,0.3852834952536765,5.406507461567321,2.4335303229738336,24.00553620006054,4.0
42,Gakenke,21976,2024,B,0.6428637139207052,405.273813534059,0.2580015355124729,5.171783272106973,2.0690162785746296,20.39372948263924,4.0
45,Gicumbi,21979,2024,B,0.629435239473225,359.871208889967,0.2886981314038741,5.2664046474736415,2.2274447778745405,22.91664893701479,4.0
43,Musanze,21988,2024,B,0.6000407388366957,449.0667916209548,0.2924119576219608,5.674835032887586,2.897772644197332,28.445580837726705,4.0
41,Rulindo,22000,2024,B,0.6196813832803939,388.6264939396421,0.3414748065785841,5.216651501196864,2.109533988074624,21.499057053070302,4.0
22,Gisagara,21980,2024,B,0.6180727777107055,435.07836081801497,0.5093291580500764,5.570767549068002,1.6241298425853063,17.399741104945374,5.9999999999999964
24,Huye,21981,2024,B,0.6206084585431815,459.39876779706856,0.4831069601347943,5.40878255789124,1.727480365125106,18.58606871813945,6.000000000000004
28,Kamonyi,21982,2024,B,0.5639503763431856,348.6898535958774,0.4066801976383463,5.606051673004592,1.5794743698741696,16.889019807482804,5.999999999999997
27,Muhanga,21987,2024,B,0.5975034830755496,385.7114545390479,0.2641065567352897,5.235681445979977,1.8726002852932524,19.1618918998444,4.0
25,Nyamagabe,21993,2024,B,0.6484860167874293,473.56154952170766,0.2274798353579596,5.051943843900235,2.5375893099524407,27.083821914839607,4.0
21,Nyanza,21995,2024,B,0.6009450166823835,395.4792075022589,0.5540330997800088,5.579097522814594,1.507659377010218,16.609853427898692,5.999999999999997
23,Nyaruguru,21997,2024,B,0.6610806565549608,521.9913940783168,0.2014131292392842,5.075797903862237,2.582280565330214,26.651652605160272,4.0
26,Ruhango,21999,2024,B,0.5724286753362208,369.3027203544698,0.5481010866565835,5.526533941763441,1.4714375346432134,15.828692172929356,5.999999999999991
31,Karongi,21983,2024,B,0.5574316468855687,374.67733303878623,0.2484621680352344,5.188252458562286,2.01971259271868,20.725684257101896,4.0
35,Ngororero,21990,2024,B,0.6218257986123592,417.9881384276159,0.3270207286594074,5.089293086160178,2.1045178792871355,21.233660202338807,4.0
34,Nyabihu,21991,2024,B,0.6165324647535608,445.7368825974588,0.3624176437271927,5.299862824327626,2.7518320314715248,27.519860479111927,4.0
37,Nyamasheke,21994,2024,B,0.5774489497971117,422.8440522801508,0.0722134730708958,5.139328803933467,2.4544630912871144,24.827785160416123,4.0
33,Rubavu,21998,2024,B,0.585633726375753,372.69175511923953,0.4019456627525638,5.830401531646431,2.4443440413446926,24.935685753682176,4.0
36,Rusizi,22001,2024,B,0.6806044016293766,443.40186915791713,0.1539136390634826,5.193463401254795,2.640861150181258,25.211363346822985,4.0
32,Rutsiro,22002,2024,B,0.4039136594854977,380.1228317508466,0.1674753126718447,5.134415850385378,2.365918373145785,23.2979982836788,4.0
57,Bugesera,21974,2025,B,0.56885657633314,394.1877059195355,0.5067645094186242,5.659800044110384,1.3506601743239406,14.34694403154165,6.000000000000003
53,Gatsibo,21978,2025,B,0.6323418042364867,432.0948509185857,0.2950993020046878,5.792148069452075,1.6461577492646406,17.820145915861083,4.0
54,Kayonza,21984,2025,B,0.5793003465859516,441.6227781271658,0.243666158978436,5.824105795780387,1.5161378970594566,16.05896461966919,6.0
55,Kirehe,21986,2025,B,0.6300002437527827,417.5990726083722,0.3130416170749928,5.773538144718498,1.590185736202253,16.738568698101986,6.000000000000002
56,Ngoma,21989,2025,B,0.6233897392941603,450.8747066391077,0.316190619408045,5.720893812074412,1.7688046836820444,18.15658779168754,4.0
52,Nyagatare,21992,2025,B,0.628857351855028,361.4633826880514,0.4332956498231525,5.856513473890463,1.4753037289108637,16.018232067244718,5.999999999999994
51,Rwamagana,22003,2025,B,0.6452493723242225,464.4209960587152,0.4364935111776315,5.72713424976171,1.7191285024935965,18.26376326770244,4.0
12,Gasabo,21977,2025,B,0.586970359071389,449.3051815263293,0.2272159411463635,5.640467037477606,1.845856663506921,19.10211664328921,4.0
13,Kicukiro,21985,2025,B,0.5267771288433077,433.8402342201058,0.3041418034381984,5.826445370208122,1.581116931605106,16.24592478141235,5.999999999999993
11,Nyarugenge,21996,2025,B,0.566652897805559,435.3910860825655,0.1984674121768121,5.709911700853864,1.7641536488270508,17.65539946352865,4.0
44,Burera,21975,2025,B,0.5657792942682401,489.4680110618736,0.3852834952536765,5.406507461567321,2.4335303229738336,24.00553620006054,4.0
42,Gakenke,21976,2025,B,0.6427866650191585,528.759644517276,0.2580015355124729,5.171783272106973,2.0690162785746296,20.39372948263924,4.0
45,Gicumbi,21979,2025,B,0.6320626970265332,468.6888660855504,0.2886981314038741,5.2664046474736415,2.2274447778745405,22.91664893701479,4.0
43,Musanze,21988,2025,B,0.5513004980753743,612.9363559641636,0.2924119576219608,5.674835032887586,2.897772644197332,28.445580837726705,4.0
41,Rulindo,22000,2025,B,0.6155270631014044,493.4145813337586,0.3414748065785841,5.216651501196864,2.109533988074624,21.499057053070302,4.0
22,Gisagara,21980,2025,B,0.6539682255762865,482.6762191813425,0.5093291580500764,5.570767549068002,1.6241298425853063,17.399741104945374,5.9999999999999964
24,Huye,21981,2025,B,0.6213935684054162,485.83272938406657,0.4831069601347943,5.40878255789124,1.727480365125106,18.58606871813945,6.000000000000004
28,Kamonyi,21982,2025,B,0.5967737784807716,429.51454089954143,0.4066801976383463,5.606051673004592,1.5794743698741696,16.889019807482804,5.999999999999997
27,Muhanga,21987,2025,B,0.5957396760631609,483.3102132030028,0.2641065567352897,5.235681445979977,1.8726002852932524,19.1618918998444,4.0
25,Nyamagabe,21993,2025,B,0.5833193073323296,523.4432554487282,0.2274798353579596,5.051943843900235,2.5375893099524407,27.083821914839607,4.0
21,Nyanza,21995,2025,B,0.6227384638244318,455.3377405009605,0.5540330997800088,5.579097522814594,1.507659377010218,16.609853427898692,5.999999999999997
23,Nyaruguru,21997,2025,B,0.5956940430761626,530.9955866137999,0.2014131292392842,5.075797903862237,2.582280565330214,26.651652605160272,4.0
26,Ruhango,21999,2025,B,0.5904287617580761,438.1638961872492,0.5481010866565835,5.526533941763441,1.4714375346432134,15.828692172929356,5.999999999999991
31,Karongi,21983,2025,B,0.5310012787732705,445.1602370711746,0.2484621680352344,5.188252458562286,2.01971259271868,20.725684257101896,4.0
35,Ngororero,21990,2025,B,0.5776285581091011,538.2214087628703,0.3270207286594074,5.089293086160178,2.1045178792871355,21.233660202338807,4.0
34,Nyabihu,21991,2025,B,0.5841758905854583,617.2594921463899,0.3624176437271927,5.299862824327626,2.7518320314715248,27.519860479111927,4.0
37,Nyamasheke,21994,2025,B,0.5763071796337744,496.90161706941,0.0722134730708958,5.139328803933467,2.4544630912871144,24.827785160416123,4.0
33,Rubavu,21998,2025,B,0.6000849133956131,505.1576480088488,0.4019456627525638,5.830401531646431,2.4443440413446926,24.935685753682176,4.0
36,Rusizi,22001,2025,B,0.6817407901924809,503.0997023661368,0.1539136390634826,5.193463401254795,2.640861150181258,25.211363346822985,4.0
32,Rutsiro,22002,2025,B,0.3778696215323238,469.7431515202306,0.1674753126718447,5.134415850385378,2.365918373145785,23.2979982836788,4.0
57,Bugesera,21974,2019,A,0.5131968441930154,538.2421671977293,0.5067645094186242,5.659800044110384,1.3506601743239406,14.34694403154165,6.000000000000003
53,Gatsibo,21978,2019,A,0.6072803073378191,572.046668116525,0.2950993020046878,5.792148069452075,1.6461577492646406,17.820145915861083,4.0
54,Kayonza,21984,2019,A,0.5232861717001185,561.0134064314859,0.243666158978436,5.824105795780387,1.5161378970594566,16.05896461966919,6.0
55,Kirehe,21986,2019,A,0.559083540095696,613.0719358115978,0.3130416170749928,5.773538144718498,1.590185736202253,16.738568698101986,6.000000000000002
56,Ngoma,21989,2019,A,0.5725612341515365,590.1643175300276,0.316190619408045,5.720893812074412,1.7688046836820444,18.15658779168754,4.0
52,Nyagatare,21992,2019,A,0.5859170125521626,538.6490991719726,0.4332956498231525,5.856513473890463,1.4753037289108637,16.018232067244718,5.999999999999994
51,Rwamagana,22003,2019,A,0.6064669666046538,547.1206165886981,0.4364935111776315,5.72713424976171,1.7191285024935965,18.26376326770244,4.0
12,Gasabo,21977,2019,A,0.5691029975239263,558.7692980046473,0.2272159411463635,5.640467037477606,1.845856663506921,19.10211664328921,4.0
13,Kicukiro,21985,2019,A,0.5373449220129267,541.7349277921886,0.3041418034381984,5.826445370208122,1.581116931605106,16.24592478141235,5.999999999999993
11,Nyarugenge,21996,2019,A,0.5649215201400584,570.2570765822609,0.1984674121768121,5.709911700853864,1.7641536488270508,17.65539946352865,4.0
44,Burera,21975,2019,A,0.528632798985631,686.5248336641165,0.3852834952536765,5.406507461567321,2.4335303229738336,24.00553620006054,4.0
42,Gakenke,21976,2019,A,0.601063447717463,645.0743237737627,0.2580015355124729,5.171783272106973,2.0690162785746296,20.39372948263924,4.0
45,Gicumbi,21979,2019,A,0.6151571672649403,613.5990415387196,0.2886981314038741,5.2664046474736415,2.2274447778745405,22.91664893701479,4.0
43,Musanze,21988,2019,A,0.5762049417204874,775.7709929936947,0.2924119576219608,5.674835032887586,2.897772644197332,28.445580837726705,4.0
41,Rulindo,22000,2019,A,0.5944490579219303,610.8466183881118,0.3414748065785841,5.216651501196864,2.109533988074624,21.499057053070302,4.0
22,Gisagara,21980,2019,A,0.6046048442138624,755.4560994881026,0.5093291580500764,5.570767549068002,1.6241298425853063,17.399741104945374,5.9999999999999964
24,Huye,21981,2019,A,0.5810094002233996,711.6953209535152,0.4831069601347943,5.40878255789124,1.727480365125106,18.58606871813945,6.000000000000004
28,Kamonyi,21982,2019,A,0.5581878768059813,585.6611251820574,0.4066801976383463,5.606051673004592,1.5794743698741696,16.889019807482804,5.999999999999997
27,Muhanga,21987,2019,A,0.5650427834387428,650.1093276183836,0.2641065567352897,5.235681445979977,1.8726002852932524,19.1618918998444,4.0
25,Nyamagabe,21993,2019,A,0.5935310172375617,756.6973526246715,0.2274798353579596,5.051943843900235,2.5375893099524407,27.083821914839607,4.0
21,Nyanza,21995,2019,A,0.5694763902959453,670.3785178134391,0.5540330997800088,5.579097522814594,1.507659377010218,16.609853427898692,5.999999999999997
23,Nyaruguru,21997,2019,A,0.6036936173222877,839.3051180877259,0.2014131292392842,5.075797903862237,2.582280565330214,26.651652605160272,4.0
26,Ruhango,21999,2019,A,0.5297548272226577,628.0793304244829,0.5481010866565835,5.526533941763441,1.4714375346432134,15.828692172929356,5.999999999999991
31,Karongi,21983,2019,A,0.5905669468916914,673.7861831116215,0.2484621680352344,5.188252458562286,2.01971259271868,20.725684257101896,4.0
35,Ngororero,21990,2019,A,0.5889242062328176,670.7436930711687,0.3270207286594074,5.089293086160178,2.1045178792871355,21.233660202338807,4.0
34,Nyabihu,21991,2019,A,0.6217255940044129,749.6427326127904,0.3624176437271927,5.299862824327626,2.7518320314715248,27.519860479111927,4.0
37,Nyamasheke,21994,2019,A,0.6326425040987252,797.1889300144089,0.0722134730708958,5.139328803933467,2.4544630912871144,24.827785160416123,4.0
33,Rubavu,21998,2019,A,0.5532872851639887,675.2361369141038,0.4019456627525638,5.830401531646431,2.4443440413446926,24.935685753682176,4.0
36,Rusizi,22001,2019,A,0.651133029237138,848.369076658275,0.1539136390634826,5.193463401254795,2.640861150181258,25.211363346822985,4.0
32,Rutsiro,22002,2019,A,0.5571589412734654,649.0052759287695,0.1674753126718447,5.134415850385378,2.365918373145785,23.2979982836788,4.0
57,Bugesera,21974,2020,A,0.5113708048001274,663.1584961061213,0.5067645094186242,5.659800044110384,1.3506601743239406,14.34694403154165,6.000000000000003
53,Gatsibo,21978,2020,A,0.5843775510833714,688.3940128815673,0.2950993020046878,5.792148069452075,1.6461577492646406,17.820145915861083,4.0
54,Kayonza,21984,2020,A,0.5333347831629877,687.1751205691136,0.243666158978436,5.824105795780387,1.5161378970594566,16.05896461966919,6.0
55,Kirehe,21986,2020,A,0.5361994928199549,711.1855914445216,0.3130416170749928,5.773538144718498,1.590185736202253,16.738568698101986,6.000000000000002
56,Ngoma,21989,2020,A,0.540375670024496,682.8276720006919,0.316190619408045,5.720893812074412,1.7688046836820444,18.15658779168754,4.0
52,Nyagatare,21992,2020,A,0.5923710000060065,604.2882383991043,0.4332956498231525,5.856513473890463,1.4753037289108637,16.018232067244718,5.999999999999994
51,Rwamagana,22003,2020,A,0.5747381018105155,628.0259420231316,0.4364935111776315,5.72713424976171,1.7191285024935965,18.26376326770244,4.0
12,Gasabo,21977,2020,A,0.573230581778178,678.0820555040017,0.2272159411463635,5.640467037477606,1.845856663506921,19.10211664328921,4.0
13,Kicukiro,21985,2020,A,0.5153145443668773,667.229413572742,0.3041418034381984,5.826445370208122,1.581116931605106,16.24592478141235,5.999999999999993
11,Nyarugenge,21996,2020,A,0.539621504555739,694.8761007300591,0.1984674121768121,5.709911700853864,1.7641536488270508,17.65539946352865,4.0
44,Burera,21975,2020,A,0.5098783192039273,703.9202547399353,0.3852834952536765,5.406507461567321,2.4335303229738336,24.00553620006054,4.0
42,Gakenke,21976,2020,A,0.5970240892891543,731.5203344925261,0.2580015355124729,5.171783272106973,2.0690162785746296,20.39372948263924,4.0
45,Gicumbi,21979,2020,A,0.6030389564062483,688.6261046638595,0.2886981314038741,5.2664046474736415,2.2274447778745405,22.91664893701479,4.0
43,Musanze,21988,2020,A,0.5454669854189705,776.3161351710509,0.2924119576219608,5.674835032887586,2.897772644197332,28.445580837726705,4.0
41,Rulindo,22000,2020,A,0.5770835247848268,723.0139257357808,0.3414748065785841,5.216651501196864,2.109533988074624,21.499057053070302,4.0
22,Gisagara,21980,2020,A,0.5748813408739746,825.0440059849575,0.5093291580500764,5.570767549068002,1.6241298425853063,17.399741104945374,5.9999999999999964
24,Huye,21981,2020,A,0.5651555301947727,826.018544953271,0.4831069601347943,5.40878255789124,1.727480365125106,18.58606871813945,6.000000000000004
28,Kamonyi,21982,2020,A,0.5608586611882024,715.9638183204354,0.4066801976383463,5.606051673004592,1.5794743698741696,16.889019807482804,5.999999999999997
27,Muhanga,21987,2020,A,0.5755041899251039,792.6518841940347,0.2641065567352897,5.235681445979977,1.8726002852932524,19.1618918998444,4.0
25,Nyamagabe,21993,2020,A,0.5325836034173566,853.8731418463535,0.2274798353579596,5.051943843900235,2.5375893099524407,27.083821914839607,4.0
21,Nyanza,21995,2020,A,0.5510247810116282,763.4675807513199,0.5540330997800088,5.579097522814594,1.507659377010218,16.609853427898692,5.999999999999997
23,Nyaruguru,21997,2020,A,0.5651466504417245,936.7264794894688,0.2014131292392842,5.075797903862237,2.582280565330214,26.651652605160272,4.0
26,Ruhango,21999,2020,A,0.5397301287295696,738.1987729221092,0.5481010866565835,5.526533941763441,1.4714375346432134,15.828692172929356,5.999999999999991
31,Karongi,21983,2020,A,0.5664602354665005,737.4021776702826,0.2484621680352344,5.188252458562286,2.01971259271868,20.725684257101896,4.0
35,Ngororero,21990,2020,A,0.5766272697297703,773.1035188285633,0.3270207286594074,5.089293086160178,2.1045178792871355,21.233660202338807,4.0
34,Nyabihu,21991,2020,A,0.561627151857092,767.7813275564174,0.3624176437271927,5.299862824327626,2.7518320314715248,27.519860479111927,4.0
37,Nyamasheke,21994,2020,A,0.5568281302005044,791.9826137352633,0.0722134730708958,5.139328803933467,2.4544630912871144,24.827785160416123,4.0
33,Rubavu,21998,2020,A,0.5203491693962088,658.3048495214898,0.4019456627525638,5.830401531646431,2.4443440413446926,24.935685753682176,4.0
36,Rusizi,22001,2020,A,0.5933858224377645,842.7722854304968,0.1539136390634826,5.193463401254795,2.640861150181258,25.211363346822985,4.0
32,Rutsiro,22002,2020,A,0.5274304041855934,705.8441380177082,0.1674753126718447,5.134415850385378,2.365918373145785,23.2979982836788,4.0
57,Bugesera,21974,2021,A,0.5180174560397874,636.5748133145736,0.5067645094186242,5.659800044110384,1.3506601743239406,14.34694403154165,6.000000000000003
53,Gatsibo,21978,2021,A,0.6113952973232348,686.6877204826252,0.2950993020046878,5.792148069452075,1.6461577492646406,17.820145915861083,4.0
54,Kayonza,21984,2021,A,0.5595810135567142,667.0214349616464,0.243666158978436,5.824105795780387,1.5161378970594566,16.05896461966919,6.0
55,Kirehe,21986,2021,A,0.5693830315876143,671.0266213643562,0.3130416170749928,5.773538144718498,1.590185736202253,16.738568698101986,6.000000000000002
56,Ngoma,21989,2021,A,0.5626680653080922,691.5079702145711,0.316190619408045,5.720893812074412,1.7688046836820444,18.15658779168754,4.0
52,Nyagatare,21992,2021,A,0.618902824126288,679.6764886393908,0.4332956498231525,5.856513473890463,1.4753037289108637,16.018232067244718,5.999999999999994
51,Rwamagana,22003,2021,A,0.5771302936384337,651.8370666383463,0.4364935111776315,5.72713424976171,1.7191285024935965,18.26376326770244,4.0
12,Gasabo,21977,2021,A,0.535806348904337,687.8123326113098,0.2272159411463635,5.640467037477606,1.845856663506921,19.10211664328921,4.0
13,Kicukiro,21985,2021,A,0.5067248029796777,654.6144538781673,0.3041418034381984,5.826445370208122,1.581116931605106,16.24592478141235,5.999999999999993
11,Nyarugenge,21996,2021,A,0.5448769270463204,687.1718671937966,0.1984674121768121,5.709911700853864,1.7641536488270508,17.65539946352865,4.0
44,Burera,21975,2021,A,0.5290278874436384,849.6923487805128,0.3852834952536765,5.406507461567321,2.4335303229738336,24.00553620006054,4.0
42,Gakenke,21976,2021,A,0.593841479726514,849.4916257746469,0.2580015355124729,5.171783272106973,2.0690162785746296,20.39372948263924,4.0
45,Gicumbi,21979,2021,A,0.5941840044954487,768.0028543477911,0.2886981314038741,5.2664046474736415,2.2274447778745405,22.91664893701479,4.0
43,Musanze,21988,2021,A,0.5520811624557367,945.766659625329,0.2924119576219608,5.674835032887586,2.897772644197332,28.445580837726705,4.0
41,Rulindo,22000,2021,A,0.5904172320772954,788.1993037907592,0.3414748065785841,5.216651501196864,2.109533988074624,21.499057053070302,4.0
22,Gisagara,21980,2021,A,0.5653344204067281,846.7669952655107,0.5093291580500764,5.570767549068002,1.6241298425853063,17.399741104945374,5.9999999999999964
24,Huye,21981,2021,A,0.5639810725640888,837.9320607039787,0.4831069601347943,5.40878255789124,1.727480365125106,18.58606871813945,6.000000000000004
28,Kamonyi,21982,2021,A,0.5665667390967284,712.4176211980496,0.4066801976383463,5.606051673004592,1.5794743698741696,16.889019807482804,5.999999999999997
27,Muhanga,21987,2021,A,0.5795819099746523,835.1405880391131,0.2641065567352897,5.235681445979977,1.8726002852932524,19.1618918998444,4.0
25,Nyamagabe,21993,2021,A,0.5594891648490818,944.7116433839192,0.2274798353579596,5.051943843900235,2.5375893099524407,27.083821914839607,4.0
21,Nyanza,21995,2021,A,0.5601543954483689,791.3006824288451,0.5540330997800088,5.579097522814594,1.507659377010218,16.609853427898692,5.999999999999997
23,Nyaruguru,21997,2021,A,0.5904073643522751,956.8661301683736,0.2014131292392842,5.075797903862237,2.582280565330214,26.651652605160272,4.0
26,Ruhango,21999,2021,A,0.5644399472316486,750.8343648310795,0.5481010866565835,5.526533941763441,1.4714375346432134,15.828692172929356,5.999999999999991
31,Karongi,21983,2021,A,0.6110542812880535,832.9727430349892,0.2484621680352344,5.188252458562286,2.01971259271868,20.725684257101896,4.0
35,Ngororero,21990,2021,A,0.5769062652977588,844.9123330750865,0.3270207286594074,5.089293086160178,2.1045178792871355,21.233660202338807,4.0
34,Nyabihu,21991,2021,A,0.5799478224975521,881.0321773581372,0.3624176437271927,5.299862824327626,2.7518320314715248,27.519860479111927,4.0
37,Nyamasheke,21994,2021,A,0.5956497721578226,943.2541714391646,0.0722134730708958,5.139328803933467,2.4544630912871144,24.827785160416123,4.0
33,Rubavu,21998,2021,A,0.5264458649551139,757.9412596951335,0.4019456627525638,5.830401531646431,2.4443440413446926,24.935685753682176,4.0
36,Rusizi,22001,2021,A,0.6144142935571322,999.7579981442472,0.1539136390634826,5.193463401254795,2.640861150181258,25.211363346822985,4.0
32,Rutsiro,22002,2021,A,0.5426260748934979,791.0249630696379,0.1674753126718447,5.134415850385378,2.365918373145785,23.2979982836788,4.0
57,Bugesera,21974,2022,A,0.4988340690225135,601.537710796124,0.5067645094186242,5.659800044110384,1.3506601743239406,14.34694403154165,6.000000000000003
53,Gatsibo,21978,2022,A,0.6062451383237594,616.0193929962793,0.2950993020046878,5.792148069452075,1.6461577492646406,17.820145915861083,4.0
54,Kayonza,21984,2022,A,0.507309133344701,579.9074979388893,0.243666158978436,5.824105795780387,1.5161378970594566,16.05896461966919,6.0
55,Kirehe,21986,2022,A,0.5506421260397769,595.4004924570645,0.3130416170749928,5.773538144718498,1.590185736202253,16.738568698101986,6.000000000000002
56,Ngoma,21989,2022,A,0.5651226578343139,613.4833956333601,0.316190619408045,5.720893812074412,1.7688046836820444,18.15658779168754,4.0
52,Nyagatare,21992,2022,A,0.6084703707900364,570.95215152007,0.4332956498231525,5.856513473890463,1.4753037289108637,16.018232067244718,5.999999999999994
51,Rwamagana,22003,2022,A,0.5689393471225561,580.2614171842931,0.4364935111776315,5.72713424976171,1.7191285024935965,18.26376326770244,4.0
12,Gasabo,21977,2022,A,0.5237418574404058,665.5081125648804,0.2272159411463635,5.640467037477606,1.845856663506921,19.10211664328921,4.0
13,Kicukiro,21985,2022,A,0.4763317611058135,621.1458709331791,0.3041418034381984,5.826445370208122,1.581116931605106,16.24592478141235,5.999999999999993
11,Nyarugenge,21996,2022,A,0.521540910846654,672.6124477879284,0.1984674121768121,5.709911700853864,1.7641536488270508,17.65539946352865,4.0
44,Burera,21975,2022,A,0.5471162310441278,748.083085391512,0.3852834952536765,5.406507461567321,2.4335303229738336,24.00553620006054,4.0
42,Gakenke,21976,2022,A,0.6117821636817835,743.316296729954,0.2580015355124729,5.171783272106973,2.0690162785746296,20.39372948263924,4.0
45,Gicumbi,21979,2022,A,0.6165198966947016,686.7397191915154,0.2886981314038741,5.2664046474736415,2.2274447778745405,22.91664893701479,4.0
43,Musanze,21988,2022,A,0.5775741717463849,829.7209523449562,0.2924119576219608,5.674835032887586,2.897772644197332,28.445580837726705,4.0
41,Rulindo,22000,2022,A,0.5689934960775346,737.074185945456,0.3414748065785841,5.216651501196864,2.109533988074624,21.499057053070302,4.0
22,Gisagara,21980,2022,A,0.5935525684281157,817.8606665977474,0.5093291580500764,5.570767549068002,1.6241298425853063,17.399741104945374,5.9999999999999964
24,Huye,21981,2022,A,0.573761703356593,792.777880051348,0.4831069601347943,5.40878255789124,1.727480365125106,18.58606871813945,6.000000000000004
28,Kamonyi,21982,2022,A,0.5643707918767773,688.2385397571402,0.4066801976383463,5.606051673004592,1.5794743698741696,16.889019807482804,5.999999999999997
27,Muhanga,21987,2022,A,0.5743173024818377,753.5644088002375,0.2641065567352897,5.235681445979977,1.8726002852932524,19.1618918998444,4.0
25,Nyamagabe,21993,2022,A,0.5700796931736878,831.5172489513395,0.2274798353579596,5.051943843900235,2.5375893099524407,27.083821914839607,4.0
21,Nyanza,21995,2022,A,0.5714388592245756,742.4453239618354,0.5540330997800088,5.579097522814594,1.507659377010218,16.609853427898692,5.999999999999997
23,Nyaruguru,21997,2022,A,0.5927567126890891,890.0710432003787,0.2014131292392842,5.075797903862237,2.582280565330214,26.651652605160272,4.0
26,Ruhango,21999,2022,A,0.5464743314288973,705.4201157676448,0.5481010866565835,5.526533941763441,1.4714375346432134,15.828692172929356,5.999999999999991
31,Karongi,21983,2022,A,0.6034401368583668,752.9261165018422,0.2484621680352344,5.188252458562286,2.01971259271868,20.725684257101896,4.0
35,Ngororero,21990,2022,A,0.595791939798819,755.2520240542178,0.3270207286594074,5.089293086160178,2.1045178792871355,21.233660202338807,4.0
34,Nyabihu,21991,2022,A,0.6138075096685879,803.7846877528632,0.3624176437271927,5.299862824327626,2.7518320314715248,27.519860479111927,4.0
37,Nyamasheke,21994,2022,A,0.6286228741427363,830.7962363328347,0.0722134730708958,5.139328803933467,2.4544630912871144,24.827785160416123,4.0
33,Rubavu,21998,2022,A,0.5764694126844858,737.5020437723618,0.4019456627525638,5.830401531646431,2.4443440413446926,24.935685753682176,4.0
36,Rusizi,22001,2022,A,0.6468518634762275,871.7153541974004,0.1539136390634826,5.193463401254795,2.640861150181258,25.211363346822985,4.0
32,Rutsiro,22002,2022,A,0.5815883304418858,750.265353050693,0.1674753126718447,5.134415850385378,2.365918373145785,23.2979982836788,4.0
57,Bugesera,21974,2023,A,0.526379215592484,487.3387011964369,0.5067645094186242,5.659800044110384,1.3506601743239406,14.34694403154165,6.000000000000003
53,Gatsibo,21978,2023,A,0.6079039417606162,514.8030359996096,0.2950993020046878,5.792148069452075,1.6461577492646406,17.820145915861083,4.0
54,Kayonza,21984,2023,A,0.5189996889926091,503.2231440078773,0.243666158978436,5.824105795780387,1.5161378970594566,16.05896461966919,6.0
55,Kirehe,21986,2023,A,0.5542219450496358,528.3249933930714,0.3130416170749928,5.773538144718498,1.590185736202253,16.738568698101986,6.000000000000002
56,Ngoma,21989,2023,A,0.5693108082613342,514.2660927318154,0.316190619408045,5.720893812074412,1.7688046836820444,18.15658779168754,4.0
52,Nyagatare,21992,2023,A,0.6099547314362298,509.19342930846045,0.4332956498231525,5.856513473890463,1.4753037289108637,16.018232067244718,5.999999999999994
51,Rwamagana,22003,2023,A,0.5528670699847581,460.5532734353845,0.4364935111776315,5.72713424976171,1.7191285024935965,18.26376326770244,4.0
12,Gasabo,21977,2023,A,0.5366810925251106,498.5167458503822,0.2272159411463635,5.640467037477606,1.845856663506921,19.10211664328921,4.0
13,Kicukiro,21985,2023,A,0.4866313225106028,481.17193937179576,0.3041418034381984,5.826445370208122,1.581116931605106,16.24592478141235,5.999999999999993
11,Nyarugenge,21996,2023,A,0.5332316912331516,513.8419955614478,0.1984674121768121,5.709911700853864,1.7641536488270508,17.65539946352865,4.0
44,Burera,21975,2023,A,0.5584896052395841,673.6599090282474,0.3852834952536765,5.406507461567321,2.4335303229738336,24.00553620006054,4.0
42,Gakenke,21976,2023,A,0.6160144035408914,645.0835814388872,0.2580015355124729,5.171783272106973,2.0690162785746296,20.39372948263924,4.0
45,Gicumbi,21979,2023,A,0.6148417059892671,558.6320496900315,0.2886981314038741,5.2664046474736415,2.2274447778745405,22.91664893701479,4.0
43,Musanze,21988,2023,A,0.5824821946485256,757.6154929027268,0.2924119576219608,5.674835032887586,2.897772644197332,28.445580837726705,4.0
41,Rulindo,22000,2023,A,0.5880352274998819,574.1603457309476,0.3414748065785841,5.216651501196864,2.109533988074624,21.499057053070302,4.0
22,Gisagara,21980,2023,A,0.570047137035139,706.0584507470219,0.5093291580500764,5.570767549068002,1.6241298425853063,17.399741104945374,5.9999999999999964
24,Huye,21981,2023,A,0.5691714378491932,687.7843906771736,0.4831069601347943,5.40878255789124,1.727480365125106,18.58606871813945,6.000000000000004
28,Kamonyi,21982,2023,A,0.5602676162297466,551.0048291255547,0.4066801976383463,5.606051673004592,1.5794743698741696,16.889019807482804,5.999999999999997
27,Muhanga,21987,2023,A,0.5787546903336294,634.9353126884523,0.2641065567352897,5.235681445979977,1.8726002852932524,19.1618918998444,4.0
25,Nyamagabe,21993,2023,A,0.5815618081338861,773.8445785826254,0.2274798353579596,5.051943843900235,2.5375893099524407,27.083821914839607,4.0
21,Nyanza,21995,2023,A,0.5546541500925041,610.3344231090705,0.5540330997800088,5.579097522814594,1.507659377010218,16.609853427898692,5.999999999999997
23,Nyaruguru,21997,2023,A,0.6068578041000147,852.5790429207766,0.2014131292392842,5.075797903862237,2.582280565330214,26.651652605160272,4.0
26,Ruhango,21999,2023,A,0.5419669060885174,574.8123897611096,0.5481010866565835,5.526533941763441,1.4714375346432134,15.828692172929356,5.999999999999991
31,Karongi,21983,2023,A,0.5996110590837036,680.8278888342256,0.2484621680352344,5.188252458562286,2.01971259271868,20.725684257101896,4.0
35,Ngororero,21990,2023,A,0.5847480294663373,654.7608037059,0.3270207286594074,5.089293086160178,2.1045178792871355,21.233660202338807,4.0
34,Nyabihu,21991,2023,A,0.6160653456184462,721.6767751643268,0.3624176437271927,5.299862824327626,2.7518320314715248,27.519860479111927,4.0
37,Nyamasheke,21994,2023,A,0.613613795630839,832.5882359671258,0.0722134730708958,5.139328803933467,2.4544630912871144,24.827785160416123,4.0
33,Rubavu,21998,2023,A,0.560779208555621,670.9267836421083,0.4019456627525638,5.830401531646431,2.4443440413446926,24.935685753682176,4.0
36,Rusizi,22001,2023,A,0.6286321900972885,884.7891728161185,0.1539136390634826,5.193463401254795,2.640861150181258,25.211363346822985,4.0
32,Rutsiro,22002,2023,A,0.5642299530638862,661.1919273708481,0.1674753126718447,5.134415850385378,2.365918373145785,23.2979982836788,4.0
57,Bugesera,21974,2024,A,0.5457802723708347,480.7491554980067,0.5067645094186242,5.659800044110384,1.3506601743239406,14.34694403154165,6.000000000000003
53,Gatsibo,21978,2024,A,0.6349701259977586,572.767170974315,0.2950993020046878,5.792148069452075,1.6461577492646406,17.820145915861083,4.0
54,Kayonza,21984,2024,A,0.5659281903034807,552.1959277491525,0.243666158978436,5.824105795780387,1.5161378970594566,16.05896461966919,6.0
55,Kirehe,21986,2024,A,0.6057236891212142,526.0611238839289,0.3130416170749928,5.773538144718498,1.590185736202253,16.738568698101986,6.000000000000002
56,Ngoma,21989,2024,A,0.5917032430342669,498.62874385724905,0.316190619408045,5.720893812074412,1.7688046836820444,18.15658779168754,4.0
52,Nyagatare,21992,2024,A,0.6529902701522342,560.0148609735323,0.4332956498231525,5.856513473890463,1.4753037289108637,16.018232067244718,5.999999999999994
51,Rwamagana,22003,2024,A,0.601630597714334,482.5903724654584,0.4364935111776315,5.72713424976171,1.7191285024935965,18.26376326770244,4.0
12,Gasabo,21977,2024,A,0.5761384932172475,504.7653260160985,0.2272159411463635,5.640467037477606,1.845856663506921,19.10211664328921,4.0
13,Kicukiro,21985,2024,A,0.5158570969496242,486.0253743904448,0.3041418034381984,5.826445370208122,1.581116931605106,16.24592478141235,5.999999999999993
11,Nyarugenge,21996,2024,A,0.5670582249593257,490.5557922116168,0.1984674121768121,5.709911700853864,1.7641536488270508,17.65539946352865,4.0
44,Burera,21975,2024,A,0.5964238214594183,609.3355701541517,0.3852834952536765,5.406507461567321,2.4335303229738336,24.00553620006054,4.0
42,Gakenke,21976,2024,A,0.6680882062771808,584.515597855036,0.2580015355124729,5.171783272106973,2.0690162785746296,20.39372948263924,4.0
45,Gicumbi,21979,2024,A,0.6349249788517001,538.3581980435232,0.2886981314038741,5.2664046474736415,2.2274447778745405,22.91664893701479,4.0
43,Musanze,21988,2024,A,0.6180418966863717,720.0162513103514,0.2924119576219608,5.674835032887586,2.897772644197332,28.445580837726705,4.0
41,Rulindo,22000,2024,A,0.6454710327956894,546.6969081752086,0.3414748065785841,5.216651501196864,2.109533988074624,21.499057053070302,4.0
22,Gisagara,21980,2024,A,0.6063830428501858,658.243185943046,0.5093291580500764,5.570767549068002,1.6241298425853063,17.399741104945374,5.9999999999999964
24,Huye,21981,2024,A,0.5987084012248707,622.9416481360674,0.4831069601347943,5.40878255789124,1.727480365125106,18.58606871813945,6.000000000000004
28,Kamonyi,21982,2024,A,0.6063668167846554,495.33053812240496,0.4066801976383463,5.606051673004592,1.5794743698741696,16.889019807482804,5.999999999999997
27,Muhanga,21987,2024,A,0.6387197917659195,553.8177187709398,0.2641065567352897,5.235681445979977,1.8726002852932524,19.1618918998444,4.0
25,Nyamagabe,21993,2024,A,0.6094186920835253,664.547090291303,0.2274798353579596,5.051943843900235,2.5375893099524407,27.083821914839607,4.0
21,Nyanza,21995,2024,A,0.5993004044928273,561.7871505164724,0.5540330997800088,5.579097522814594,1.507659377010218,16.609853427898692,5.999999999999997
23,Nyaruguru,21997,2024,A,0.6188016524118968,726.1038688631343,0.2014131292392842,5.075797903862237,2.582280565330214,26.651652605160272,4.0
26,Ruhango,21999,2024,A,0.5989487162160252,513.6554719854802,0.5481010866565835,5.526533941763441,1.4714375346432134,15.828692172929356,5.999999999999991
31,Karongi,21983,2024,A,0.6467412406700579,569.5522881615072,0.2484621680352344,5.188252458562286,2.01971259271868,20.725684257101896,4.0
35,Ngororero,21990,2024,A,0.6425920323711638,599.3548226129654,0.3270207286594074,5.089293086160178,2.1045178792871355,21.233660202338807,4.0
34,Nyabihu,21991,2024,A,0.6285402602037914,689.7315485427434,0.3624176437271927,5.299862824327626,2.7518320314715248,27.519860479111927,4.0
37,Nyamasheke,21994,2024,A,0.6295411074937749,680.2577100654958,0.0722134730708958,5.139328803933467,2.4544630912871144,24.827785160416123,4.0
33,Rubavu,21998,2024,A,0.5556392793684486,593.5006791357881,0.4019456627525638,5.830401531646431,2.4443440413446926,24.935685753682176,4.0
36,Rusizi,22001,2024,A,0.6340250711825606,710.0261935129793,0.1539136390634826,5.193463401254795,2.640861150181258,25.211363346822985,4.0
32,Rutsiro,22002,2024,A,0.560114534723749,562.0992165800423,0.1674753126718447,5.134415850385378,2.365918373145785,23.2979982836788,4.0
57,Bugesera,21974,2025,A,0.5093532176114763,596.1085686077867,0.5067645094186242,5.659800044110384,1.3506601743239406,14.34694403154165,6.000000000000003
53,Gatsibo,21978,2025,A,0.5821789778194569,581.3513049660894,0.2950993020046878,5.792148069452075,1.6461577492646406,17.820145915861083,4.0
54,Kayonza,21984,2025,A,0.4992537504761105,558.2289146829156,0.243666158978436,5.824105795780387,1.5161378970594566,16.05896461966919,6.0
55,Kirehe,21986,2025,A,0.551233691438044,594.4865898329025,0.3130416170749928,5.773538144718498,1.590185736202253,16.738568698101986,6.000000000000002
56,Ngoma,21989,2025,A,0.5629003976169541,626.9532094243539,0.316190619408045,5.720893812074412,1.7688046836820444,18.15658779168754,4.0
52,Nyagatare,21992,2025,A,0.5665213612377468,583.985434145937,0.4332956498231525,5.856513473890463,1.4753037289108637,16.018232067244718,5.999999999999994
51,Rwamagana,22003,2025,A,0.556418831129367,577.9434158168306,0.4364935111776315,5.72713424976171,1.7191285024935965,18.26376326770244,4.0
12,Gasabo,21977,2025,A,0.5190803522823406,625.9745712181268,0.2272159411463635,5.640467037477606,1.845856663506921,19.10211664328921,4.0
13,Kicukiro,21985,2025,A,0.4830308553309621,609.5946958568968,0.3041418034381984,5.826445370208122,1.581116931605106,16.24592478141235,5.999999999999993
11,Nyarugenge,21996,2025,A,0.5275288719092637,623.3012393420861,0.1984674121768121,5.709911700853864,1.7641536488270508,17.65539946352865,4.0
44,Burera,21975,2025,A,0.5837394629271064,831.1688726378555,0.3852834952536765,5.406507461567321,2.4335303229738336,24.00553620006054,4.0
42,Gakenke,21976,2025,A,0.6402158241038332,801.7143264734921,0.2580015355124729,5.171783272106973,2.0690162785746296,20.39372948263924,4.0
45,Gicumbi,21979,2025,A,0.6162513231615633,677.6256241307071,0.2886981314038741,5.2664046474736415,2.2274447778745405,22.91664893701479,4.0
43,Musanze,21988,2025,A,0.614034242326021,967.3719854259678,0.2924119576219608,5.674835032887586,2.897772644197332,28.445580837726705,4.0
41,Rulindo,22000,2025,A,0.5919872927753864,701.6499523302929,0.3414748065785841,5.216651501196864,2.109533988074624,21.499057053070302,4.0
22,Gisagara,21980,2025,A,0.5914948888723605,847.2496573667204,0.5093291580500764,5.570767549068002,1.6241298425853063,17.399741104945374,5.9999999999999964
24,Huye,21981,2025,A,0.5968741992041058,818.6594535013588,0.4831069601347943,5.40878255789124,1.727480365125106,18.58606871813945,6.000000000000004
28,Kamonyi,21982,2025,A,0.5527449260006814,633.8801686068252,0.4066801976383463,5.606051673004592,1.5794743698741696,16.889019807482804,5.999999999999997
27,Muhanga,21987,2025,A,0.6017956561822321,761.2127565617536,0.2641065567352897,5.235681445979977,1.8726002852932524,19.1618918998444,4.0
25,Nyamagabe,21993,2025,A,0.6063479554885076,902.5870029591068,0.2274798353579596,5.051943843900235,2.5375893099524407,27.083821914839607,4.0
21,Nyanza,21995,2025,A,0.5686822090483289,738.3608855143135,0.5540330997800088,5.579097522814594,1.507659377010218,16.609853427898692,5.999999999999997
23,Nyaruguru,21997,2025,A,0.6269160634016905,946.9319652480046,0.2014131292392842,5.075797903862237,2.582280565330214,26.651652605160272,4.0
26,Ruhango,21999,2025,A,0.5533222606958524,674.3200702521995,0.5481010866565835,5.526533941763441,1.4714375346432134,15.828692172929356,5.999999999999991
31,Karongi,21983,2025,A,0.6113592748899981,794.835160962065,0.2484621680352344,5.188252458562286,2.01971259271868,20.725684257101896,4.0
35,Ngororero,21990,2025,A,0.6018666941388378,834.5025584672841,0.3270207286594074,5.089293086160178,2.1045178792871355,21.233660202338807,4.0
34,Nyabihu,21991,2025,A,0.6207904895742481,927.0528517639124,0.3624176437271927,5.299862824327626,2.7518320314715248,27.519860479111927,4.0
37,Nyamasheke,21994,2025,A,0.6369937533253445,932.870217404612,0.0722134730708958,5.139328803933467,2.4544630912871144,24.827785160416123,4.0
33,Rubavu,21998,2025,A,0.5877825714478428,791.2025581052105,0.4019456627525638,5.830401531646431,2.4443440413446926,24.935685753682176,4.0
36,Rusizi,22001,2025,A,0.6549710800136822,938.2351003086378,0.1539136390634826,5.193463401254795,2.640861150181258,25.211363346822985,4.0
32,Rutsiro,22002,2025,A,0.6064331375659189,784.8350132716143,0.1674753126718447,5.134415850385378,2.365918373145785,23.2979982836788,4.0
