nisr_district_code,district_name,ndvi_mean,ndvi_peak,rainfall_mm,year,season,lead_months
57,Bugesera,0.5380443230600308,0.6266423741677623,226.4259327659745,2019,B,2
53,Gatsibo,0.6399932271184054,0.7280977060500033,242.05539560359784,2019,B,2
54,Kayonza,0.5714850941565616,0.6734439871364153,234.4213047892196,2019,B,2
55,Kirehe,0.6417820719395995,0.7264110252639956,263.1424925150946,2019,B,2
56,Ngoma,0.6275715706962093,0.7241872547283608,243.35162101224435,2019,B,2
52,Nyagatare,0.6311005381780898,0.7265487767141916,206.31253437233963,2019,B,2
51,Rwamagana,0.6411612800905877,0.7199977306098047,238.17544489651027,2019,B,2
12,Gasabo,0.5751611575282572,0.6589075686820285,237.11748755697,2019,B,2
13,Kicukiro,0.5535841666545069,0.6272056101084065,218.2473463700261,2019,B,2
11,Nyarugenge,0.566531275681938,0.6435820611768187,229.95254515471404,2019,B,2
44,Burera,0.5671370332119513,0.684966201508284,249.9343593390744,2019,B,2
42,Gakenke,0.6116283516468742,0.7084375776917008,265.132584520357,2019,B,2
45,Gicumbi,0.6268564136308329,0.7292822685734778,261.7840013400851,2019,B,2
43,Musanze,0.5523330038871919,0.7032410590018042,270.3239261725229,2019,B,2
41,Rulindo,0.6044798763732134,0.6954390826223287,270.053316723152,2019,B,2
22,Gisagara,0.6142845969349506,0.7036998608160855,300.91774123596497,2019,B,2
24,Huye,0.5960292680463848,0.7020427154779454,299.4439837476489,2019,B,2
28,Kamonyi,0.5840515212885805,0.6713268686213097,234.94723326810552,2019,B,2
27,Muhanga,0.5969290208080159,0.6827620270417751,252.01040729702143,2019,B,2
25,Nyamagabe,0.574314796426286,0.7256906177781621,301.31164223342853,2019,B,2
21,Nyanza,0.6117763635240997,0.7008520410100512,268.92477667436503,2019,B,2
23,Nyaruguru,0.6020727278434443,0.7522629267870283,333.0145331851049,2019,B,2
26,Ruhango,0.5921912020280744,0.672792287379924,246.99885633203303,2019,B,2
31,Karongi,0.6444596294549677,0.7353776938085289,246.556714482855,2019,B,2
35,Ngororero,0.6065359213202832,0.6961935087378949,251.74793851010656,2019,B,2
34,Nyabihu,0.6184429674749897,0.7430774962816271,257.3531881409866,2019,B,2
37,Nyamasheke,0.6490230601060271,0.7816428223339478,289.15305562626975,2019,B,2
33,Rubavu,0.5443090201869305,0.7268818528579867,210.1070045967248,2019,B,2
36,Rusizi,0.6788403882632603,0.8131712259767566,310.0562439775173,2019,B,2
32,Rutsiro,0.6039818029841717,0.7396501706113264,233.0361354216628,2019,B,2
57,Bugesera,0.5181334491295092,0.6561944403247576,345.9221439008281,2019,B,3
53,Gatsibo,0.6261459172886796,0.7522327908132604,405.6635081231897,2019,B,3
54,Kayonza,0.5635562676008251,0.6990793406743739,402.2171743866774,2019,B,3
55,Kirehe,0.6285404472760127,0.7418762496925649,380.24615983913606,2019,B,3
56,Ngoma,0.5976760429751975,0.7392663885469151,373.7591528377212,2019,B,3
52,Nyagatare,0.6286956502134978,0.7515647013672888,340.01367937914097,2019,B,3
51,Rwamagana,0.6138605545343074,0.7457508456740372,389.9341733697161,2019,B,3
12,Gasabo,0.5317092510463365,0.6859650754377549,375.0124409457064,2019,B,3
13,Kicukiro,0.5159809961286119,0.6511582084129712,349.15108625625453,2019,B,3
11,Nyarugenge,0.5196152505502726,0.6616758007614908,367.3399418463137,2019,B,3
44,Burera,0.5117317294854905,0.7042064221501827,389.7050263845512,2019,B,3
42,Gakenke,0.554496815273929,0.7378263922642849,427.3874638431308,2019,B,3
45,Gicumbi,0.5637409467546639,0.7459700439287253,426.6031427930921,2019,B,3
43,Musanze,0.4703651553598493,0.7188942518625623,452.0909788017964,2019,B,3
41,Rulindo,0.5418894188068283,0.7202741260118145,441.2315795857076,2019,B,3
22,Gisagara,0.5992495475867354,0.7378434651291391,497.4732910782597,2019,B,3
24,Huye,0.5428978968591839,0.722046944753495,510.63745869646345,2019,B,3
28,Kamonyi,0.5293435631490853,0.6882279675771161,393.18206131729016,2019,B,3
27,Muhanga,0.5280543488606553,0.70080709361163,399.6160651879729,2019,B,3
25,Nyamagabe,0.4807580243126193,0.7355483771755095,472.29284859086783,2019,B,3
21,Nyanza,0.5545354099383653,0.7186686559597251,448.45242016931087,2019,B,3
23,Nyaruguru,0.5278360046157986,0.772585310381822,515.9898836748208,2019,B,3
26,Ruhango,0.526911474153945,0.6873628393639206,388.5052721033904,2019,B,3
31,Karongi,0.5923098075369769,0.7554596215591012,386.0078539914668,2019,B,3
35,Ngororero,0.5359107718671676,0.7299363666109593,404.7725811934028,2019,B,3
34,Nyabihu,0.5178818491870825,0.7526437426932286,432.89167060737134,2019,B,3
37,Nyamasheke,0.5928282218086239,0.7903096440483572,441.7786810361792,2019,B,3
33,Rubavu,0.5024184339140028,0.7442060462489801,353.402839152862,2019,B,3
36,Rusizi,0.6213744441141783,0.819322724399845,459.4402112945007,2019,B,3
32,Rutsiro,0.5596421633682765,0.760931776313515,367.8417993063945,2019,B,3
57,Bugesera,0.5226508381003224,0.6612190589584521,356.31077103107845,2019,B,4
53,Gatsibo,0.6307535700736389,0.7545527148786776,423.6768769102685,2019,B,4
54,Kayonza,0.5669474497022455,0.7023887917313387,412.3639655917085,2019,B,4
55,Kirehe,0.6208109947589386,0.7432922221835047,385.4544785429072,2019,B,4
56,Ngoma,0.6059006088669098,0.7407806419971237,383.42629277709705,2019,B,4
52,Nyagatare,0.62687311204938,0.7534019000368151,358.2329534186587,2019,B,4
51,Rwamagana,0.6211227979539369,0.747172475154327,400.3071272290055,2019,B,4
12,Gasabo,0.550343704991379,0.6888585316743265,392.1435155239323,2019,B,4
13,Kicukiro,0.521868847278008,0.6531506129535845,364.9405601813243,2019,B,4
11,Nyarugenge,0.5386244277548878,0.6658604190041748,384.5389041475638,2019,B,4
44,Burera,0.545377773986588,0.7398468864787989,424.7685320075,2019,B,4
42,Gakenke,0.5911235787654903,0.758918837748766,459.2264089695496,2019,B,4
45,Gicumbi,0.5982642604804539,0.7641069469975663,449.0943615817001,2019,B,4
43,Musanze,0.5115658417939536,0.7610549603108682,504.28098706282594,2019,B,4
41,Rulindo,0.573103517653617,0.7377541269984245,465.4542772283005,2019,B,4
22,Gisagara,0.6093973997058006,0.7393863705559178,507.5628640695267,2019,B,4
24,Huye,0.5721866426442959,0.7314621763655488,523.8531438306683,2019,B,4
28,Kamonyi,0.5483139219031473,0.6933652490628435,409.5118278944796,2019,B,4
27,Muhanga,0.5633443370665641,0.7284273326160311,420.9472775973431,2019,B,4
25,Nyamagabe,0.5294821828044763,0.7574863928254462,509.55660977627895,2019,B,4
21,Nyanza,0.5731984091723786,0.7211463591684455,462.9332355507761,2019,B,4
23,Nyaruguru,0.5663452883830669,0.7867664102601118,537.6566478201263,2019,B,4
26,Ruhango,0.547147871737458,0.6904606090053085,404.8621624434837,2019,B,4
31,Karongi,0.616591181150886,0.7644194298150536,425.3656644221084,2019,B,4
35,Ngororero,0.5717127789703497,0.7500357959636059,434.0910834592158,2019,B,4
34,Nyabihu,0.5556526692690433,0.7818257016532625,478.566347553267,2019,B,4
37,Nyamasheke,0.6153501329722474,0.8093980025176468,502.6084370663325,2019,B,4
33,Rubavu,0.5375101077093967,0.7746438987883816,404.0993005955481,2019,B,4
36,Rusizi,0.6433206068875316,0.8289060146367428,512.5332594947827,2019,B,4
32,Rutsiro,0.5889804657036152,0.7832440692988554,412.0602463730392,2019,B,4
57,Bugesera,0.5515245038136691,0.6808597371498627,292.2736892875673,2020,B,2
53,Gatsibo,0.6286782101860279,0.7522831387994102,373.7678891533504,2020,B,2
54,Kayonza,0.6073517221325275,0.7255865526472515,392.8515354766469,2020,B,2
55,Kirehe,0.6185769333236996,0.7563625115180257,352.12927751047204,2020,B,2
56,Ngoma,0.6016199806320127,0.7325426573865425,337.80516753352066,2020,B,2
52,Nyagatare,0.6424161548420092,0.7462291817339266,316.8905441356544,2020,B,2
51,Rwamagana,0.6504804943638391,0.766612805839554,338.4747980206793,2020,B,2
12,Gasabo,0.5650582321416499,0.7076961562573947,331.73115110674456,2020,B,2
13,Kicukiro,0.501488886732714,0.6172973694500774,318.38903868094434,2020,B,2
11,Nyarugenge,0.4915318319476893,0.6391125348097179,314.7985826720947,2020,B,2
44,Burera,0.5345685897211044,0.701787898829084,354.6448676464909,2020,B,2
42,Gakenke,0.5712765178480109,0.7607640898458876,356.3511952547285,2020,B,2
45,Gicumbi,0.5823472111355661,0.7681064999529882,362.5419528591084,2020,B,2
43,Musanze,0.5524447952449688,0.7219372219544324,367.1233965565653,2020,B,2
41,Rulindo,0.5870955842352258,0.7510826608499457,361.72774195857824,2020,B,2
22,Gisagara,0.6410916253207525,0.7466846076310963,378.14882366226647,2020,B,2
24,Huye,0.6035498433888463,0.7434333717588375,373.2439544743118,2020,B,2
28,Kamonyi,0.5350686563421374,0.6913579682593555,313.07816235907785,2020,B,2
27,Muhanga,0.5255508771551981,0.7140718266362257,344.6588195236497,2020,B,2
25,Nyamagabe,0.5816727340451775,0.7578119218118778,400.7946954203719,2020,B,2
21,Nyanza,0.5833194633378308,0.7256262043682385,350.1848646181395,2020,B,2
23,Nyaruguru,0.5871466679174359,0.7570784802259102,439.72983994918087,2020,B,2
26,Ruhango,0.532751316551117,0.6912929296768304,341.27292140275085,2020,B,2
31,Karongi,0.647238369855127,0.7804493467921018,340.1998065016244,2020,B,2
35,Ngororero,0.5480225387705764,0.758228591437301,347.0157441353867,2020,B,2
34,Nyabihu,0.5455640237448329,0.7649446388998153,344.1225348321808,2020,B,2
37,Nyamasheke,0.6368853711931395,0.7911499985511539,378.8860180618831,2020,B,2
33,Rubavu,0.540331415118122,0.730905131400889,291.06239331395113,2020,B,2
36,Rusizi,0.6551088306766717,0.8018343106941737,401.6979192188245,2020,B,2
32,Rutsiro,0.5977695381736542,0.7862818720411338,331.6564130875669,2020,B,2
57,Bugesera,0.5464799949379995,0.694027609501296,337.8233608038695,2020,B,3
53,Gatsibo,0.6266675268095885,0.7630407934655484,427.2686001864443,2020,B,3
54,Kayonza,0.6024275065823241,0.7357544766861959,446.6075433060503,2020,B,3
55,Kirehe,0.602697816727271,0.7618416479608768,405.20207364761,2020,B,3
56,Ngoma,0.6009831787433979,0.7394409487992538,388.8067217992808,2020,B,3
52,Nyagatare,0.6464089868857066,0.7638767480734778,373.5525302071566,2020,B,3
51,Rwamagana,0.6464951219150618,0.7703337564738691,387.3248898530869,2020,B,3
12,Gasabo,0.5648828437949933,0.7222763306495795,370.96809581723744,2020,B,3
13,Kicukiro,0.4935955679949027,0.6282566758101453,359.2960271046031,2020,B,3
11,Nyarugenge,0.4958100513792061,0.6605468451450331,357.01687243607984,2020,B,3
44,Burera,0.5499252617007783,0.7300844078970882,413.6499681187607,2020,B,3
42,Gakenke,0.5792212973119885,0.7771238053864389,411.67541297120033,2020,B,3
45,Gicumbi,0.6000969658913282,0.7913029538616128,406.2884921599959,2020,B,3
43,Musanze,0.5652943419957498,0.7599270950840173,484.7857330569849,2020,B,3
41,Rulindo,0.5845076272479381,0.7698602889915541,403.0268416058349,2020,B,3
22,Gisagara,0.6180604076377917,0.7550163501429913,463.4335108870301,2020,B,3
24,Huye,0.5846214784291157,0.7546814925924131,473.1146025952151,2020,B,3
28,Kamonyi,0.543206991479405,0.7125704335159382,361.0084474728985,2020,B,3
27,Muhanga,0.5288507081033751,0.7369462862710788,410.7569729889199,2020,B,3
25,Nyamagabe,0.5868337169142215,0.7851540868689451,527.001042337864,2020,B,3
21,Nyanza,0.5845007763033131,0.7444364816872664,422.3253565888156,2020,B,3
23,Nyaruguru,0.5921441251108448,0.7956548276351393,569.9923737352286,2020,B,3
26,Ruhango,0.5361973188289089,0.7125537858211526,405.4527217739571,2020,B,3
31,Karongi,0.6411511864396684,0.7910834030840228,440.8819735168983,2020,B,3
35,Ngororero,0.548380474019221,0.7665588614122076,447.4907786821298,2020,B,3
34,Nyabihu,0.5636655851322397,0.7845841681020258,473.4775598038856,2020,B,3
37,Nyamasheke,0.6519449246758914,0.8241881907110312,506.7057993214081,2020,B,3
33,Rubavu,0.5922110017789929,0.7865264129200951,407.5971364031693,2020,B,3
36,Rusizi,0.6721405294695333,0.8384415646200578,524.1605797358122,2020,B,3
32,Rutsiro,0.6284061771433997,0.8153055090069956,426.2378977978742,2020,B,3
57,Bugesera,0.5356667224695266,0.6961013563914384,343.6871385954964,2020,B,4
53,Gatsibo,0.6178247772672112,0.7637987690696559,433.1403346226962,2020,B,4
54,Kayonza,0.5947915834392574,0.7364498166965495,451.386451740047,2020,B,4
55,Kirehe,0.5990721845078758,0.7623616653570098,409.1804334261455,2020,B,4
56,Ngoma,0.5976324645636117,0.7408229855043361,393.732683015837,2020,B,4
52,Nyagatare,0.6258991742366478,0.7641838838502436,380.5060685462756,2020,B,4
51,Rwamagana,0.6372683015994529,0.771078574591283,391.3810543158327,2020,B,4
12,Gasabo,0.5674495114261534,0.724659809461026,375.7568797291771,2020,B,4
13,Kicukiro,0.4887615188693687,0.6300176290179018,364.16190162608206,2020,B,4
11,Nyarugenge,0.5060954101128843,0.6635375759192159,361.7934128368237,2020,B,4
44,Burera,0.5485189467689938,0.7402116430278043,438.9341911506239,2020,B,4
42,Gakenke,0.5727841545826357,0.7811081432858882,430.9947374081606,2020,B,4
45,Gicumbi,0.6141097392337895,0.7983326699850729,413.7674492746676,2020,B,4
43,Musanze,0.547752019494456,0.7741744324582885,538.7625137795924,2020,B,4
41,Rulindo,0.5848829083662566,0.7745131635502605,411.1380978915074,2020,B,4
22,Gisagara,0.603949763496354,0.7557938193261196,470.4419168087594,2020,B,4
24,Huye,0.5869309547631113,0.7558207373846688,479.7292076874304,2020,B,4
28,Kamonyi,0.5438263504710215,0.7150559783380311,366.334358458864,2020,B,4
27,Muhanga,0.5194669227369934,0.7427849998307129,421.8049340507054,2020,B,4
25,Nyamagabe,0.5870200562347198,0.7939963365522397,539.6486741892624,2020,B,4
21,Nyanza,0.5837495352657939,0.7477785827652046,430.215058606886,2020,B,4
23,Nyaruguru,0.6030520530826381,0.806371120106988,578.976143760044,2020,B,4
26,Ruhango,0.5368302150348632,0.7182070549961149,414.30662246134,2020,B,4
31,Karongi,0.6374054498029407,0.7946868530471702,467.2408218347727,2020,B,4
35,Ngororero,0.529854155569988,0.7694385850191825,483.2770551145424,2020,B,4
34,Nyabihu,0.5405769163561825,0.7917068018842746,526.903174266851,2020,B,4
37,Nyamasheke,0.655810407388306,0.83216286590699,538.931265059515,2020,B,4
33,Rubavu,0.5898340022602641,0.7993638617065373,460.6107887551507,2020,B,4
36,Rusizi,0.667915255462609,0.8500172512760978,550.5154048019147,2020,B,4
32,Rutsiro,0.639133557044611,0.8199668810734958,474.8042113317356,2020,B,4
57,Bugesera,0.5799324650416404,0.6882774537558001,232.7910058548868,2021,B,2
53,Gatsibo,0.6115865746173452,0.7239926571328918,258.435764325607,2021,B,2
54,Kayonza,0.5703358958114463,0.6768354611277921,249.47394253930972,2021,B,2
55,Kirehe,0.6063683955171796,0.7201421678994455,277.35561168611696,2021,B,2
56,Ngoma,0.6054155315495909,0.7095040685799554,274.167045565032,2021,B,2
52,Nyagatare,0.6178431794995488,0.7383096777158528,230.84052826082277,2021,B,2
51,Rwamagana,0.6056894366446142,0.7150580463119285,253.4647745762637,2021,B,2
12,Gasabo,0.5625842749743403,0.6651842961365153,263.00295857141714,2021,B,2
13,Kicukiro,0.5083819601091386,0.6087940327122573,248.65543797620847,2021,B,2
11,Nyarugenge,0.5495719005095014,0.6553798557948753,249.52601963613063,2021,B,2
44,Burera,0.4675902456982685,0.6430548289459542,260.7097598519257,2021,B,2
42,Gakenke,0.541064779411562,0.708977873037665,264.05913080458697,2021,B,2
45,Gicumbi,0.5718148173284857,0.7144076155957303,281.2324975809064,2021,B,2
43,Musanze,0.4404349665201796,0.6306058946400277,272.74105944413526,2021,B,2
41,Rulindo,0.5868060908390935,0.7159441070945998,285.72384397460684,2021,B,2
22,Gisagara,0.6118260663261081,0.7154027225575522,292.5745441816412,2021,B,2
24,Huye,0.5516020403505497,0.6903214802778354,286.70521521706894,2021,B,2
28,Kamonyi,0.5811167730250603,0.6901224030991989,236.75754767575543,2021,B,2
27,Muhanga,0.5360093703044646,0.6904609421732003,249.6493954844049,2021,B,2
25,Nyamagabe,0.5413908243906476,0.7300847769843442,278.79758455904744,2021,B,2
21,Nyanza,0.590715531297608,0.7132022284532541,255.10222482783948,2021,B,2
23,Nyaruguru,0.551558267295417,0.7564419760382528,299.1849124996696,2021,B,2
26,Ruhango,0.558857094626662,0.6830079211691488,241.7989922298644,2021,B,2
31,Karongi,0.6326598849806879,0.7410209072129877,238.0376634399856,2021,B,2
35,Ngororero,0.5453816310082558,0.7051510935817736,239.6114827215864,2021,B,2
34,Nyabihu,0.5065519167695144,0.7162330675997662,251.0161809150302,2021,B,2
37,Nyamasheke,0.6114379327782239,0.7799942156224443,285.543729516558,2021,B,2
33,Rubavu,0.5370798728038281,0.7250223848618833,220.95013966991317,2021,B,2
36,Rusizi,0.6408030351781138,0.8097915274384742,302.630211711963,2021,B,2
32,Rutsiro,0.5918839501588952,0.7579989836108745,230.78434742235555,2021,B,2
57,Bugesera,0.5698935355956422,0.702312167295801,390.9455658060624,2021,B,3
53,Gatsibo,0.6192307575840867,0.7470758789660699,451.2537866655415,2021,B,3
54,Kayonza,0.5752788185123919,0.7049318857061101,452.2942189307989,2021,B,3
55,Kirehe,0.6177212536188155,0.7387594080192257,457.82908581361073,2021,B,3
56,Ngoma,0.6087440341469976,0.7341820273752785,451.90351003233343,2021,B,3
52,Nyagatare,0.6271094863884719,0.7586157200929251,376.08591591500215,2021,B,3
51,Rwamagana,0.6150139903890538,0.7457274937082423,451.9187313516654,2021,B,3
12,Gasabo,0.5670145101864917,0.6910689523136287,459.5515237050716,2021,B,3
13,Kicukiro,0.5180335394263923,0.6387082572916803,450.6828818017139,2021,B,3
11,Nyarugenge,0.5505695671393807,0.6771721788952847,445.8332284884552,2021,B,3
44,Burera,0.4830762407680867,0.6933672212133044,374.86286762214417,2021,B,3
42,Gakenke,0.5422577725453384,0.7436755483693067,420.7473248607138,2021,B,3
45,Gicumbi,0.579508817876493,0.7579316777247556,461.9046237907482,2021,B,3
43,Musanze,0.4660755996787065,0.7012444994348578,393.5348879800012,2021,B,3
41,Rulindo,0.5633170300258957,0.7393081335443854,481.7316471044314,2021,B,3
22,Gisagara,0.6159688099226867,0.7356936369644452,511.5639552718485,2021,B,3
24,Huye,0.5586843110071905,0.7214076195523021,543.1790554331427,2021,B,3
28,Kamonyi,0.5735225264920247,0.7070828600509264,424.2750806630968,2021,B,3
27,Muhanga,0.5297759004580946,0.7163661997058073,422.5000075284721,2021,B,3
25,Nyamagabe,0.5121217540423709,0.7447331209608435,468.4827332050962,2021,B,3
21,Nyanza,0.5919950041965437,0.7303264655990089,488.9010614826888,2021,B,3
23,Nyaruguru,0.5400443414649004,0.7724703894926187,504.2027471915287,2021,B,3
26,Ruhango,0.5584007234447115,0.702382892207241,424.2844255276791,2021,B,3
31,Karongi,0.6169188244096415,0.7554251516006802,358.13815218756065,2021,B,3
35,Ngororero,0.5214426676452825,0.7234898479989559,377.0174651102614,2021,B,3
34,Nyabihu,0.5071799810803859,0.7590657073946985,376.9486293413894,2021,B,3
37,Nyamasheke,0.6191127024756071,0.8058860740900682,408.0373499421152,2021,B,3
33,Rubavu,0.558550061762411,0.7605813882586604,320.7095871575346,2021,B,3
36,Rusizi,0.6422342509471206,0.8276045256544948,431.7410838260559,2021,B,3
32,Rutsiro,0.5841445487236666,0.7770506989145728,338.42260038946364,2021,B,3
57,Bugesera,0.556824874068122,0.7035124244251737,392.9892936522946,2021,B,4
53,Gatsibo,0.6062099372870895,0.7479601598100603,456.0561286653133,2021,B,4
54,Kayonza,0.5622082230565687,0.7061092440431571,456.36299633875575,2021,B,4
55,Kirehe,0.6060815313252088,0.739935247946117,459.4072156914397,2021,B,4
56,Ngoma,0.5989261015985463,0.7349730417633522,454.2154476276002,2021,B,4
52,Nyagatare,0.6008890400320678,0.7592399022584977,382.2481436018169,2021,B,4
51,Rwamagana,0.6085399662372638,0.7463359941553067,452.69097627889016,2021,B,4
12,Gasabo,0.5665139785862083,0.693232399909453,460.66585649413497,2021,B,4
13,Kicukiro,0.5105590404635458,0.6401293375840776,450.6828818017139,2021,B,4
11,Nyarugenge,0.5533208182353273,0.679934320451743,446.3222868026335,2021,B,4
44,Burera,0.5076059618842235,0.7203136793450927,385.0835265378355,2021,B,4
42,Gakenke,0.5641964383859548,0.7530494741640579,428.9103642773719,2021,B,4
45,Gicumbi,0.6016040269015684,0.7705909367250002,466.82765073851294,2021,B,4
43,Musanze,0.5092904354099315,0.7580203041140767,412.24460949568646,2021,B,4
41,Rulindo,0.5841600579167344,0.7525347169924634,488.2414096850976,2021,B,4
22,Gisagara,0.6003205075725978,0.7358242892380508,516.5687619718159,2021,B,4
24,Huye,0.5631393249134187,0.7222276564039559,547.8352493003913,2021,B,4
28,Kamonyi,0.5739787793016483,0.7092399463060511,427.0751729464903,2021,B,4
27,Muhanga,0.55017910148161,0.7238620733528728,426.4736064148592,2021,B,4
25,Nyamagabe,0.5475354200708459,0.7505458115483447,480.3168833256693,2021,B,4
21,Nyanza,0.5852547444312188,0.7316068545233165,494.1163785019105,2021,B,4
23,Nyaruguru,0.5722317611641791,0.7758312561996954,512.4699762600857,2021,B,4
26,Ruhango,0.5565889342465514,0.7030752125753393,428.8633525363273,2021,B,4
31,Karongi,0.6245477391128776,0.7599693450172651,375.2457703336483,2021,B,4
35,Ngororero,0.5459297185765107,0.7345230049750312,387.7810788352431,2021,B,4
34,Nyabihu,0.5389889417794796,0.7758235771409454,394.79675779143656,2021,B,4
37,Nyamasheke,0.6366396903933486,0.8129078124266788,438.1002428473397,2021,B,4
33,Rubavu,0.5778726935680185,0.7828642621588712,348.9533681371672,2021,B,4
36,Rusizi,0.6643979727500843,0.8316811756467459,460.26509627236544,2021,B,4
32,Rutsiro,0.6063733074207546,0.7922048678819116,361.1224146795987,2021,B,4
57,Bugesera,0.5783930307908294,0.6780784514556031,263.7140493156527,2022,B,2
53,Gatsibo,0.6464438440273735,0.7393797976347493,304.4293202470554,2022,B,2
54,Kayonza,0.6023253440059618,0.7060772156718412,335.0982769400521,2022,B,2
55,Kirehe,0.6139958468918335,0.747559678345705,318.3855271949514,2022,B,2
56,Ngoma,0.6221428909609019,0.728960546379216,308.9113128662243,2022,B,2
52,Nyagatare,0.6533314896088546,0.7456961160355032,232.29677012581328,2022,B,2
51,Rwamagana,0.6243432870271213,0.7354124199068195,298.8306850854575,2022,B,2
12,Gasabo,0.5618121662773697,0.6858852261941157,285.68892634072824,2022,B,2
13,Kicukiro,0.541443678378103,0.630952194872843,280.1871454039978,2022,B,2
11,Nyarugenge,0.5559988803869996,0.669262740633105,284.79736335384047,2022,B,2
44,Burera,0.5039470454918329,0.6376005168300724,258.48075133183625,2022,B,2
42,Gakenke,0.5517895887852299,0.7125859077348905,258.0531563693782,2022,B,2
45,Gicumbi,0.6178291414211162,0.7261864255826822,273.7817081979703,2022,B,2
43,Musanze,0.4554736665747871,0.6526457701705358,270.2979316533486,2022,B,2
41,Rulindo,0.5713812711853498,0.7134861157939439,270.334677313549,2022,B,2
22,Gisagara,0.6466631310233947,0.7461427887610556,330.8158504976444,2022,B,2
24,Huye,0.5691672268503062,0.7014218366555882,330.7394232419559,2022,B,2
28,Kamonyi,0.5750355561619889,0.7036557272376915,266.4025008505299,2022,B,2
27,Muhanga,0.5385226446892714,0.7030785242898162,251.05941538252105,2022,B,2
25,Nyamagabe,0.4882388426242213,0.7021392745348013,300.9703645691906,2022,B,2
21,Nyanza,0.6046366249953449,0.7136700661140919,294.3793143737943,2022,B,2
23,Nyaruguru,0.5339076568565921,0.7505470805972846,340.4731590484363,2022,B,2
26,Ruhango,0.5688607679456861,0.7012384596233274,282.63750562272395,2022,B,2
31,Karongi,0.5657248342406758,0.7245947922392784,258.461951204896,2022,B,2
35,Ngororero,0.5568034488204564,0.7072465402097062,246.74289418350955,2022,B,2
34,Nyabihu,0.5277032887015783,0.7165657354689697,255.68334270523908,2022,B,2
37,Nyamasheke,0.6273996390261319,0.7888468813298772,302.8779794298343,2022,B,2
33,Rubavu,0.5656558195819119,0.7317497283439328,220.50668862931937,2022,B,2
36,Rusizi,0.6318493223704975,0.8023018586560433,312.0882072874166,2022,B,2
32,Rutsiro,0.5349050448499603,0.7123692495601432,231.49856487487324,2022,B,2
57,Bugesera,0.5752374000133033,0.6827453827835883,343.7891472261343,2022,B,3
53,Gatsibo,0.6481119443951234,0.7456119909765646,399.0766257405834,2022,B,3
54,Kayonza,0.6023111043431847,0.7128605567029084,422.41490230007633,2022,B,3
55,Kirehe,0.6260058944525345,0.7532553539621253,398.4730842890741,2022,B,3
56,Ngoma,0.6338136374448566,0.7372173800839663,390.2386550501697,2022,B,3
52,Nyagatare,0.6545661176401911,0.7528877237618933,331.74099698771425,2022,B,3
51,Rwamagana,0.6371844878583078,0.7413118254389972,391.7669824746769,2022,B,3
12,Gasabo,0.569944526354091,0.6912300261718762,385.5285768627146,2022,B,3
13,Kicukiro,0.5369975957025649,0.6332596508455294,373.9772457012603,2022,B,3
11,Nyarugenge,0.5591700379519443,0.6726809360457638,389.53362221748256,2022,B,3
44,Burera,0.5203602680905917,0.6917812900950625,437.4709952538504,2022,B,3
42,Gakenke,0.5698810696640175,0.7375922057392349,424.95118126233245,2022,B,3
45,Gicumbi,0.628244207519893,0.7501827649533973,414.05822803877584,2022,B,3
43,Musanze,0.4805128559525085,0.6997251993691074,456.56954931213966,2022,B,3
41,Rulindo,0.5828634449577673,0.7331526654827331,418.76270971964897,2022,B,3
22,Gisagara,0.6497501611480978,0.7518733148970009,458.7453124555279,2022,B,3
24,Huye,0.5885411592867097,0.7283714918724569,483.4782008414253,2022,B,3
28,Kamonyi,0.5822606385560156,0.71434873570297,385.5591928356079,2022,B,3
27,Muhanga,0.5472120920315606,0.719391334256297,385.6927810535392,2022,B,3
25,Nyamagabe,0.508319773034524,0.7296080078767321,457.9287473190864,2022,B,3
21,Nyanza,0.6112486940450267,0.7227821120204104,427.5671643596052,2022,B,3
23,Nyaruguru,0.5364407474956677,0.7670947702443315,475.2760554546384,2022,B,3
26,Ruhango,0.5733909585165905,0.7097824679901863,401.82587382850886,2022,B,3
31,Karongi,0.5940491287521148,0.7487603425559153,393.2210858251101,2022,B,3
35,Ngororero,0.5650884004907973,0.7261898540463126,398.5782274430345,2022,B,3
34,Nyabihu,0.5405003184312154,0.7405713528542197,434.1514881715474,2022,B,3
37,Nyamasheke,0.6313119411740051,0.8007486511769369,473.583059125147,2022,B,3
33,Rubavu,0.57883065874803,0.7665952707017583,357.23682122139934,2022,B,3
36,Rusizi,0.6391860922649816,0.8156186313845429,454.0247421731407,2022,B,3
32,Rutsiro,0.5556061350450576,0.75366680380028,371.2906340746677,2022,B,3
57,Bugesera,0.5547074281301172,0.6839832549104506,351.76132139622626,2022,B,4
53,Gatsibo,0.6275300352877115,0.7458772576860752,406.2048386325407,2022,B,4
54,Kayonza,0.5772065103255434,0.7134906448046909,427.4706842118199,2022,B,4
55,Kirehe,0.6096761438806282,0.7538332469810298,403.27629789142094,2022,B,4
56,Ngoma,0.6191442203952362,0.7376144285591738,397.18922201659296,2022,B,4
52,Nyagatare,0.6217976501132181,0.7531517655295946,336.73867063830454,2022,B,4
51,Rwamagana,0.623127634424787,0.741590975644247,395.9057665474165,2022,B,4
12,Gasabo,0.5632823153955081,0.6919098056881414,393.2215732071612,2022,B,4
13,Kicukiro,0.5215383758043106,0.6343388585727425,381.81240264040434,2022,B,4
11,Nyarugenge,0.5542996992660988,0.6733254406165514,396.7070454635615,2022,B,4
44,Burera,0.5376736688571895,0.7100133888143989,452.2726186516497,2022,B,4
42,Gakenke,0.5871885986943539,0.7419418756531947,443.0393765773192,2022,B,4
45,Gicumbi,0.6317437209137463,0.7514731265206107,422.22514815852486,2022,B,4
43,Musanze,0.5153368671575843,0.7320212066309817,485.0801769947807,2022,B,4
41,Rulindo,0.5930103395293819,0.7350705191295517,431.18595541530914,2022,B,4
22,Gisagara,0.6331690184341069,0.7519947625169878,469.8792743434343,2022,B,4
24,Huye,0.5895692820290025,0.7289869686878105,492.8490796658555,2022,B,4
28,Kamonyi,0.580594220465102,0.7149450773970951,393.71566020152017,2022,B,4
27,Muhanga,0.5647271967958454,0.7229975436306261,398.4421986085158,2022,B,4
25,Nyamagabe,0.5376575828575105,0.746912592931558,474.331308194081,2022,B,4
21,Nyanza,0.6023072911600296,0.72327073325785,438.6965065249459,2022,B,4
23,Nyaruguru,0.5611923252169431,0.7766252697320002,487.6547958820906,2022,B,4
26,Ruhango,0.5716711548691794,0.7103059544436381,414.0226314485674,2022,B,4
31,Karongi,0.6075708082780273,0.7532473973675723,417.6622675311939,2022,B,4
35,Ngororero,0.5743018599043295,0.7313243160996861,422.0092152756628,2022,B,4
34,Nyabihu,0.5609225126066181,0.7497420586440274,465.2396696791124,2022,B,4
37,Nyamasheke,0.6512660066745861,0.8085429432419595,499.5463120163829,2022,B,4
33,Rubavu,0.5935148710351204,0.7741597036322706,398.8985654504081,2022,B,4
36,Rusizi,0.6595783568042874,0.8262392046208883,477.0499282799488,2022,B,4
32,Rutsiro,0.5786541845092479,0.763780693900264,402.68227216720913,2022,B,4
57,Bugesera,0.5017789341661844,0.6308454420176621,327.93858369212984,2023,B,2
53,Gatsibo,0.5974846299129857,0.7452188218481758,328.740008289509,2023,B,2
54,Kayonza,0.5187349463411122,0.689173909622529,317.3243879224765,2023,B,2
55,Kirehe,0.5599859922813634,0.715878712891076,343.52578097998526,2023,B,2
56,Ngoma,0.5255316788874049,0.6814509016010886,361.68313317846224,2023,B,2
52,Nyagatare,0.6296414983369124,0.773543313549753,315.50221485149933,2023,B,2
51,Rwamagana,0.5841486015740839,0.7197229673899712,335.3612040653164,2023,B,2
12,Gasabo,0.5305687542232163,0.6596732433553308,343.44772857298267,2023,B,2
13,Kicukiro,0.4977564177743393,0.6080353719888528,314.21066351286896,2023,B,2
11,Nyarugenge,0.4818752490021523,0.6087718831276336,334.64722718666553,2023,B,2
44,Burera,0.535760608962211,0.6623181656172037,388.90327428585806,2023,B,2
42,Gakenke,0.5615986766058845,0.6933677333031936,402.4725090155191,2023,B,2
45,Gicumbi,0.5947393436842555,0.7181060277852871,400.69906964175954,2023,B,2
43,Musanze,0.5152877300039922,0.6773662196329111,445.3439359149655,2023,B,2
41,Rulindo,0.5435479771878126,0.6689519582534391,407.105416437981,2023,B,2
22,Gisagara,0.6137275094656861,0.7154234981701306,405.2737016714198,2023,B,2
24,Huye,0.5671517227540924,0.6871682102586887,393.24402010473005,2023,B,2
28,Kamonyi,0.552595291813333,0.675147075874045,347.6534655763336,2023,B,2
27,Muhanga,0.5521821883123728,0.686407037594382,404.036443507101,2023,B,2
25,Nyamagabe,0.5651447395305984,0.7215574981559851,451.0869840879024,2023,B,2
21,Nyanza,0.5703372574873303,0.6884144898821916,382.6798792756397,2023,B,2
23,Nyaruguru,0.5843501805790114,0.7477519067170789,457.2668462457514,2023,B,2
26,Ruhango,0.5647804024460249,0.6846195011471945,379.9040527556648,2023,B,2
31,Karongi,0.5973053688287427,0.7125223782942318,389.1979073862512,2023,B,2
35,Ngororero,0.549041483836098,0.6823818046537988,410.01513469471024,2023,B,2
34,Nyabihu,0.4981719244662057,0.685091454934245,436.7960475168971,2023,B,2
37,Nyamasheke,0.6251574359557233,0.7578521905889704,429.3574118362736,2023,B,2
33,Rubavu,0.5435504189824871,0.7104159957780668,354.4199888061055,2023,B,2
36,Rusizi,0.655196571506317,0.800135471785631,435.79388658890207,2023,B,2
32,Rutsiro,0.5601804044841244,0.7227611430775038,378.5898570437747,2023,B,2
57,Bugesera,0.5319004756510312,0.6746286957184271,399.2918691797709,2023,B,3
53,Gatsibo,0.6217086733829412,0.7593321648344802,422.9475339483871,2023,B,3
54,Kayonza,0.5546489621652737,0.712744852660107,383.0433527006468,2023,B,3
55,Kirehe,0.5949464771222402,0.735293233129703,410.0463528475778,2023,B,3
56,Ngoma,0.5684311940965773,0.7187424626653656,432.36464996388014,2023,B,3
52,Nyagatare,0.6421179648503945,0.7807464248117955,423.29404230723554,2023,B,3
51,Rwamagana,0.6079369956777784,0.7355899797106816,413.4352182695859,2023,B,3
12,Gasabo,0.545647341376848,0.6869902329484227,439.70635672370025,2023,B,3
13,Kicukiro,0.4997534169378098,0.6251438596670422,395.0539786200537,2023,B,3
11,Nyarugenge,0.5041213894458029,0.6483442417275194,430.6923320071742,2023,B,3
44,Burera,0.5559022805848318,0.723898647220006,602.9069965277122,2023,B,3
42,Gakenke,0.5908178193642655,0.7627896902976586,617.8744310163936,2023,B,3
45,Gicumbi,0.6137880052978949,0.771717699339452,565.3741767033533,2023,B,3
43,Musanze,0.5271553887528356,0.7336636201699808,712.3476826817127,2023,B,3
41,Rulindo,0.5612914006174187,0.7389911916129404,582.0753729523042,2023,B,3
22,Gisagara,0.6276410822925825,0.7309208580005924,495.6854348686815,2023,B,3
24,Huye,0.5907664345718514,0.7278321059355256,506.6371296854815,2023,B,3
28,Kamonyi,0.5599551854457195,0.7056518038917026,467.8423251910743,2023,B,3
27,Muhanga,0.5536436785159393,0.719890527329572,578.4125318804753,2023,B,3
25,Nyamagabe,0.5903196556480773,0.7637972157011662,664.3113703440467,2023,B,3
21,Nyanza,0.5885032489733417,0.7166136402674385,501.77687168112783,2023,B,3
23,Nyaruguru,0.5943862425735901,0.7841576497909796,613.2259514166705,2023,B,3
26,Ruhango,0.5677324510033501,0.7072330945321277,503.2490357779261,2023,B,3
31,Karongi,0.619409838649013,0.7429020021766441,587.37115147303,2023,B,3
35,Ngororero,0.5504883156838093,0.7238561999630679,624.6234119733176,2023,B,3
34,Nyabihu,0.5195420724023784,0.7455259326217601,705.7965474088287,2023,B,3
37,Nyamasheke,0.6582907450890788,0.803465466365132,650.498111849192,2023,B,3
33,Rubavu,0.5842260040200689,0.7594990359294957,570.4518081401898,2023,B,3
36,Rusizi,0.685728957100669,0.8331731477304185,636.7779117662366,2023,B,3
32,Rutsiro,0.5917292679428638,0.7689950326407619,575.314030914954,2023,B,3
57,Bugesera,0.52888054033082,0.6776999220386578,400.757871151771,2023,B,4
53,Gatsibo,0.6099425802583012,0.759690219878221,430.8183201518009,2023,B,4
54,Kayonza,0.5452083730811945,0.713844296521466,387.2863241320048,2023,B,4
55,Kirehe,0.5861486150446019,0.7359706967366444,412.8622926660996,2023,B,4
56,Ngoma,0.5722828782512938,0.7207087288321273,433.04105133675415,2023,B,4
52,Nyagatare,0.6164792247364829,0.7810159937665869,429.11191046197393,2023,B,4
51,Rwamagana,0.6061430321212892,0.7371899180785673,415.641911017952,2023,B,4
12,Gasabo,0.5430473674797002,0.6897763933418016,443.5405577349644,2023,B,4
13,Kicukiro,0.4891004579825491,0.6259396358171508,398.69654205146907,2023,B,4
11,Nyarugenge,0.509143011247633,0.6514016524730081,432.5010037170069,2023,B,4
44,Burera,0.550790638858875,0.7287927824074856,618.6810051404173,2023,B,4
42,Gakenke,0.6005382562066984,0.7674471858877552,626.8681248226324,2023,B,4
45,Gicumbi,0.6157719134502313,0.7751837064385722,569.7709094597406,2023,B,4
43,Musanze,0.5340982582435809,0.7526442934632015,739.5230099072771,2023,B,4
41,Rulindo,0.5704068021764599,0.7435874799782095,585.1346730730368,2023,B,4
22,Gisagara,0.6141155164468641,0.7310086511348289,498.8943243661447,2023,B,4
24,Huye,0.5899125269422557,0.7284152321562053,508.74900249284616,2023,B,4
28,Kamonyi,0.5624768863910994,0.7089897493606309,468.4684464000957,2023,B,4
27,Muhanga,0.566248359825484,0.7260916249515672,582.9933610789935,2023,B,4
25,Nyamagabe,0.600626705903683,0.7688976559895887,670.6538340318918,2023,B,4
21,Nyanza,0.5831111217523554,0.7177612516367637,505.76579210053615,2023,B,4
23,Nyaruguru,0.6110906203246748,0.7899047142245544,617.4428105203144,2023,B,4
26,Ruhango,0.5647962839466709,0.7082045573476852,506.56416650990974,2023,B,4
31,Karongi,0.622340418930477,0.7481384603841562,597.8293982649996,2023,B,4
35,Ngororero,0.5583764714786098,0.7345578559310736,637.0081251306726,2023,B,4
34,Nyabihu,0.5307298249128294,0.7574717781273919,727.3058197876088,2023,B,4
37,Nyamasheke,0.6701148501754227,0.8108061745142318,663.675326840438,2023,B,4
33,Rubavu,0.5727514660530364,0.7655426684432689,599.086888582107,2023,B,4
36,Rusizi,0.6891872205549238,0.8390547326390326,651.4115688194123,2023,B,4
32,Rutsiro,0.5894194389366006,0.7771323614504412,598.3691341392259,2023,B,4
57,Bugesera,0.5490150353230938,0.686845986768771,269.9474460079265,2024,B,2
53,Gatsibo,0.5964941769752334,0.7544454087977143,257.7604085579883,2024,B,2
54,Kayonza,0.5205764208520447,0.691899490236676,255.91948984575728,2024,B,2
55,Kirehe,0.5994224944070422,0.7418019687750687,312.1172033915115,2024,B,2
56,Ngoma,0.5857127712951631,0.726112284468872,285.8260143648429,2024,B,2
52,Nyagatare,0.589697392048274,0.7499784393225745,231.77200239093008,2024,B,2
51,Rwamagana,0.5757107481713897,0.7268560108452599,271.9602852982014,2024,B,2
12,Gasabo,0.5151083254424339,0.690661420906525,275.4414018305566,2024,B,2
13,Kicukiro,0.4908135620540732,0.6287216703386486,271.1129473860181,2024,B,2
11,Nyarugenge,0.5331972788640168,0.6732711047142599,290.64297631912694,2024,B,2
44,Burera,0.5445048897513414,0.7212663833398403,283.7670330334567,2024,B,2
42,Gakenke,0.6206741452098659,0.7632934532647146,316.3145073349231,2024,B,2
45,Gicumbi,0.5678566941208961,0.7763475585030715,284.54795203922134,2024,B,2
43,Musanze,0.5841381058526242,0.7437176619885549,324.1817199017703,2024,B,2
41,Rulindo,0.5784449069689133,0.7614349536935763,303.2825876710919,2024,B,2
22,Gisagara,0.6308662353805959,0.7480970122638416,352.8213794420308,2024,B,2
24,Huye,0.6205033636342332,0.7489763565920645,357.0958959988249,2024,B,2
28,Kamonyi,0.5241395859647103,0.6941485641847344,290.649666935533,2024,B,2
27,Muhanga,0.5661729691773467,0.7293728522521632,315.90998243053843,2024,B,2
25,Nyamagabe,0.6217081848042246,0.7785875374325475,365.6215032413222,2024,B,2
21,Nyanza,0.5812513753669947,0.7241548597638411,316.216295937116,2024,B,2
23,Nyaruguru,0.6531526815050569,0.786110368758805,419.67902262713295,2024,B,2
26,Ruhango,0.5428596183194088,0.6983340266426223,305.8171673152117,2024,B,2
31,Karongi,0.6610813787989527,0.782484909846894,300.63462511151056,2024,B,2
35,Ngororero,0.6122662129918837,0.7457527050945033,328.15868970328154,2024,B,2
34,Nyabihu,0.5871116705771754,0.7520941484816803,330.9417662106836,2024,B,2
37,Nyamasheke,0.6442725437681432,0.8166958491755328,331.85461187225,2024,B,2
33,Rubavu,0.6101812633370514,0.7567991075387838,277.5782558882439,2024,B,2
36,Rusizi,0.6720333605473816,0.8356927535315932,343.3436818393182,2024,B,2
32,Rutsiro,0.6305922436578005,0.7862835516859312,302.07474243186675,2024,B,2
57,Bugesera,0.5684463836714564,0.7027630709882762,315.9745400984908,2024,B,3
53,Gatsibo,0.6152935842995526,0.7613467449717454,310.6123425880044,2024,B,3
54,Kayonza,0.5460917738805299,0.7065474013129373,307.52938177218294,2024,B,3
55,Kirehe,0.6154721745927652,0.7502881553234956,358.10070512868947,2024,B,3
56,Ngoma,0.6090724710565871,0.7435236195669293,335.400650839156,2024,B,3
52,Nyagatare,0.6080123804626997,0.7577870828879376,281.4128545531823,2024,B,3
51,Rwamagana,0.6067033116121183,0.7404614612524717,329.12241899970985,2024,B,3
12,Gasabo,0.5511270247934016,0.7029015256053789,335.63510852537803,2024,B,3
13,Kicukiro,0.5008280217741272,0.6377491438201263,319.9598427636571,2024,B,3
11,Nyarugenge,0.5524570024708618,0.6820436082550089,343.03162599233406,2024,B,3
44,Burera,0.5730578512408422,0.7526617494828127,360.252322320994,2024,B,3
42,Gakenke,0.6408735766682538,0.7803684775952119,397.63333756058574,2024,B,3
45,Gicumbi,0.621955352267249,0.8002001433633832,357.54535109192864,2024,B,3
43,Musanze,0.5814370819928175,0.7729785265431454,431.56807699958176,2024,B,3
41,Rulindo,0.6126958390964361,0.7791984862367612,385.0710800718374,2024,B,3
22,Gisagara,0.6313904866504595,0.7514859030352016,430.7223045426806,2024,B,3
24,Huye,0.6268536493629107,0.7532140205806663,455.9070976671711,2024,B,3
28,Kamonyi,0.5594741987733259,0.7078849282636321,346.46717743081194,2024,B,3
27,Muhanga,0.5862927322107298,0.7428183005594207,380.7561335499316,2024,B,3
25,Nyamagabe,0.6368454873709174,0.792739504540544,467.1828909479007,2024,B,3
21,Nyanza,0.6043745256543609,0.7329033509427815,390.1862544044824,2024,B,3
23,Nyaruguru,0.6533968325989082,0.7957718785027387,517.1987607618144,2024,B,3
26,Ruhango,0.5710596995158363,0.7089931012698144,363.4715500760014,2024,B,3
31,Karongi,0.6779810158498701,0.7949359036633107,371.1739074210042,2024,B,3
35,Ngororero,0.6130910625518693,0.7611699460741319,406.4510257609011,2024,B,3
34,Nyabihu,0.5913461956277687,0.7740162635907034,427.12639084069616,2024,B,3
37,Nyamasheke,0.6744756999120483,0.8336796123455954,420.2330696479684,2024,B,3
33,Rubavu,0.638735440093355,0.7925457952864182,352.276258168107,2024,B,3
36,Rusizi,0.6933000968581146,0.8443760744975086,435.93518291739656,2024,B,3
32,Rutsiro,0.6555801094544609,0.8145906732842717,369.0779650259535,2024,B,3
57,Bugesera,0.5632899838426513,0.7035910674438943,319.1624958030953,2024,B,4
53,Gatsibo,0.5966076369815322,0.7614885762672752,313.21886167321315,2024,B,4
54,Kayonza,0.5319586706779112,0.7069177859699343,309.3802481324299,2024,B,4
55,Kirehe,0.6013163314672425,0.7505068163744966,359.4521897305528,2024,B,4
56,Ngoma,0.5996396045021725,0.7438063440720436,337.7647509834293,2024,B,4
52,Nyagatare,0.580492104951321,0.7579035016948281,283.1363877343388,2024,B,4
51,Rwamagana,0.6022780817620002,0.7407686022578961,330.633173406672,2024,B,4
12,Gasabo,0.5505901956593148,0.7031068326015474,337.6417567078988,2024,B,4
13,Kicukiro,0.494036034587158,0.6379630389424692,322.07535852965293,2024,B,4
11,Nyarugenge,0.553175617355197,0.6824478733422864,345.1010332221972,2024,B,4
44,Burera,0.5837794530209227,0.7557997320238157,367.779534448246,2024,B,4
42,Gakenke,0.6428489796194358,0.7805866192636765,405.2243811351036,2024,B,4
45,Gicumbi,0.6292329216827189,0.800370249556305,359.9893377618222,2024,B,4
43,Musanze,0.6007655227570408,0.7778631974225113,449.429039482311,2024,B,4
41,Rulindo,0.6196348222022355,0.7795084206056083,388.6271155620654,2024,B,4
22,Gisagara,0.6172374559580294,0.7516430371761161,435.2121818742771,2024,B,4
24,Huye,0.6205663777062139,0.7534181110555771,459.46216898823263,2024,B,4
28,Kamonyi,0.5640573018652765,0.7079896719543166,348.67527743123054,2024,B,4
27,Muhanga,0.597446992275526,0.7434590210337426,385.70031509181325,2024,B,4
25,Nyamagabe,0.6484634672198404,0.793102999445345,473.522684068245,2024,B,4
21,Nyanza,0.6007622073726377,0.7330180014182509,395.4605062050017,2024,B,4
23,Nyaruguru,0.6610423521405743,0.7962834889090932,522.0800728799838,2024,B,4
26,Ruhango,0.5724511297186108,0.7090564299324161,369.30978268673306,2024,B,4
31,Karongi,0.673923485103008,0.7951885654569801,381.8164109231761,2024,B,4
35,Ngororero,0.6218434454926117,0.7616428458503441,417.98741462338427,2024,B,4
34,Nyabihu,0.6165649201510841,0.7780488200217905,445.6747594476511,2024,B,4
37,Nyamasheke,0.6878788491045609,0.8355792964718215,431.2570174372515,2024,B,4
33,Rubavu,0.6444247509896265,0.7942874638545336,375.2244092842025,2024,B,4
36,Rusizi,0.7071834549166114,0.8454334360807363,445.9972205868438,2024,B,4
32,Rutsiro,0.6671494746799288,0.8159293931589303,388.6728143243329,2024,B,4
57,Bugesera,0.5506737678639896,0.6626310772811083,276.2110548601221,2025,B,2
53,Gatsibo,0.6185351082301026,0.7412098564741465,282.40698378761755,2025,B,2
54,Kayonza,0.5756056821171778,0.6796478839840929,292.06868542609,2025,B,2
55,Kirehe,0.6225292330812,0.731343560674901,300.1024761982043,2025,B,2
56,Ngoma,0.6153490476593394,0.7269667364114027,314.98761326594894,2025,B,2
52,Nyagatare,0.6056426782130844,0.7311133406289274,224.69327291534864,2025,B,2
51,Rwamagana,0.6187739638442773,0.7122634809718884,319.71584148674896,2025,B,2
12,Gasabo,0.5878340376658286,0.6674991561796654,310.694748197216,2025,B,2
13,Kicukiro,0.505242537279134,0.591938761690767,297.55402279038765,2025,B,2
11,Nyarugenge,0.5610868252800411,0.6475878084131913,298.4600234196853,2025,B,2
44,Burera,0.5851035798016473,0.6928978763311602,308.29961802770106,2025,B,2
42,Gakenke,0.658962959710449,0.7407307366057828,324.851160631878,2025,B,2
45,Gicumbi,0.6185944766604748,0.7466270260398954,314.90417698755675,2025,B,2
43,Musanze,0.6122196255334347,0.7371535393326898,356.4441697901805,2025,B,2
41,Rulindo,0.618260611045337,0.7115923271176777,330.4363081165338,2025,B,2
22,Gisagara,0.6654608583830445,0.7449665294128778,350.6103264046282,2025,B,2
24,Huye,0.6313267993748943,0.731720536090258,336.6665909277198,2025,B,2
28,Kamonyi,0.589219464747672,0.6722843755404917,297.43299304231624,2025,B,2
27,Muhanga,0.5921841751376001,0.6984457250452387,315.20540478680795,2025,B,2
25,Nyamagabe,0.5893071284600712,0.743368730218368,337.3287451390389,2025,B,2
21,Nyanza,0.6231830668470862,0.7177042954815129,317.67324595080873,2025,B,2
23,Nyaruguru,0.6090445648905845,0.7790446802133986,373.355227658343,2025,B,2
26,Ruhango,0.6039976810342896,0.6958084529089851,311.124367800237,2025,B,2
31,Karongi,0.6393192175663879,0.7573978221884237,289.7739537309532,2025,B,2
35,Ngororero,0.6110266912352535,0.7303632153654686,311.48466701222463,2025,B,2
34,Nyabihu,0.6543360431444094,0.7812744238898025,339.0730284679632,2025,B,2
37,Nyamasheke,0.6820970528106842,0.8123406756077909,323.2072601455891,2025,B,2
33,Rubavu,0.6607544845375142,0.7622621112254371,281.7545675137504,2025,B,2
36,Rusizi,0.7172043234631137,0.8321208373948341,337.50173365013256,2025,B,2
32,Rutsiro,0.6645416359951021,0.7874433343945229,279.76334345327655,2025,B,2
57,Bugesera,0.5734064611556678,0.6838705052673995,371.5798073280185,2025,B,3
53,Gatsibo,0.6297544265009815,0.7622437593194124,398.6235858706698,2025,B,3
54,Kayonza,0.5918468467428128,0.6985179714334488,423.2826978260312,2025,B,3
55,Kirehe,0.6412743241609195,0.7413359792188923,404.4404137693746,2025,B,3
56,Ngoma,0.6260732427730399,0.7398273766490371,428.7692148286239,2025,B,3
52,Nyagatare,0.6293519787666081,0.7612265631276222,336.2392510971733,2025,B,3
51,Rwamagana,0.6426253115742656,0.7366256145714618,444.5734642505704,2025,B,3
12,Gasabo,0.5812376393436383,0.6867631702749211,421.0279831564672,2025,B,3
13,Kicukiro,0.5236767720112261,0.6254395482731943,402.9239778140299,2025,B,3
11,Nyarugenge,0.559049887339747,0.6659689320727649,404.3430294171722,2025,B,3
44,Burera,0.5361348949675442,0.711461588772535,436.57472762810994,2025,B,3
42,Gakenke,0.6214594777986501,0.7637410985288341,472.2317697573908,2025,B,3
45,Gicumbi,0.6062922570942164,0.7758655139220321,432.9729806675032,2025,B,3
43,Musanze,0.5397464179339241,0.7489263805779923,535.1330456958312,2025,B,3
41,Rulindo,0.5891860961903918,0.7325709318765793,452.324165326968,2025,B,3
22,Gisagara,0.6605368813377882,0.7525990365427493,461.29545961236687,2025,B,3
24,Huye,0.6115479464258515,0.7427378181092121,463.586541435581,2025,B,3
28,Kamonyi,0.5906112467186531,0.6957916004742473,395.614046855713,2025,B,3
27,Muhanga,0.5712546776155497,0.7242582420968255,435.2678911728041,2025,B,3
25,Nyamagabe,0.5602013400602958,0.7663149117749817,480.6082396656489,2025,B,3
21,Nyanza,0.6192956666935464,0.7269150934178469,426.1403222672632,2025,B,3
23,Nyaruguru,0.5662428750727613,0.7957761641002006,507.0482889103844,2025,B,3
26,Ruhango,0.5790150428223857,0.711822230957688,403.4971376926395,2025,B,3
31,Karongi,0.6109667921347174,0.7726335390008168,392.88479591054977,2025,B,3
35,Ngororero,0.5475551043175115,0.7438862992081164,465.4191748611429,2025,B,3
34,Nyabihu,0.5593689574545995,0.7885985648669317,529.9602123835182,2025,B,3
37,Nyamasheke,0.6642087121168784,0.8244106333399938,459.93086696831193,2025,B,3
33,Rubavu,0.6426500552161633,0.7805165559521083,421.7504376827061,2025,B,3
36,Rusizi,0.699854113689085,0.8400648126032384,468.9828859846581,2025,B,3
32,Rutsiro,0.5848883131198803,0.795143350091791,400.3727338174629,2025,B,3
57,Bugesera,0.5683249971115452,0.6851892808799991,394.2020098146027,2025,B,4
53,Gatsibo,0.6321175589607191,0.7628713335506208,431.722160776909,2025,B,4
54,Kayonza,0.5787695619192437,0.6994425046857039,441.4464693261922,2025,B,4
55,Kirehe,0.6303540393177293,0.741759307719967,417.68194620463055,2025,B,4
56,Ngoma,0.6236424666428402,0.7404058220791969,450.8798549406328,2025,B,4
52,Nyagatare,0.629100079018727,0.7623073175995595,361.2735637689414,2025,B,4
51,Rwamagana,0.6450277692909496,0.7372858968865434,464.3702854242293,2025,B,4
12,Gasabo,0.5867964013811571,0.6888546710814094,449.2627480053768,2025,B,4
13,Kicukiro,0.5262317928272325,0.6281552281249534,433.8275211119191,2025,B,4
11,Nyarugenge,0.5670226489414534,0.6690792747438707,435.5060917613678,2025,B,4
44,Burera,0.5652450808104301,0.7391532451142934,490.1295739786804,2025,B,4
42,Gakenke,0.6427737678507969,0.7736075730744361,528.671921859884,2025,B,4
45,Gicumbi,0.6320499274646065,0.7871699508703514,468.7719740771609,2025,B,4
43,Musanze,0.5520962134091465,0.7674269108130279,613.4092050764582,2025,B,4
41,Rulindo,0.6155708929498297,0.7448483988143507,493.3837298200637,2025,B,4
22,Gisagara,0.6535979662459604,0.7529157725690447,482.72948961089065,2025,B,4
24,Huye,0.6214160754491689,0.7450976686850499,485.874523702934,2025,B,4
28,Kamonyi,0.5968508359670159,0.6987224262215269,429.4901605299413,2025,B,4
27,Muhanga,0.5956631142334228,0.7310832189036526,483.2627756428406,2025,B,4
25,Nyamagabe,0.5833221087534202,0.7771323440416485,523.3915418615267,2025,B,4
21,Nyanza,0.6227142194696205,0.7275526818282263,455.35812204106446,2025,B,4
23,Nyaruguru,0.5955370241088978,0.8032002159010594,531.0719298562578,2025,B,4
26,Ruhango,0.5904481686456338,0.7126192145624076,438.1815598474138,2025,B,4
31,Karongi,0.633885165739622,0.7800908676612318,453.0260349975037,2025,B,4
35,Ngororero,0.5776755169320568,0.7559443576176685,538.2393108402382,2025,B,4
34,Nyabihu,0.5839794882379676,0.8058235143468132,617.1920573151044,2025,B,4
37,Nyamasheke,0.682758777345598,0.8324158449495213,508.0127464164036,2025,B,4
33,Rubavu,0.6562823084382383,0.7943175622132537,510.2098332998893,2025,B,4
36,Rusizi,0.7077284837116533,0.8446283733030966,506.5474077994352,2025,B,4
32,Rutsiro,0.6156177954504988,0.8093167945730765,485.8454711716796,2025,B,4
57,Bugesera,0.4401274723539003,0.49687842572218033,106.15922848846931,2019,A,2
53,Gatsibo,0.5157587386899897,0.5988429775947114,136.28172395275308,2019,A,2
54,Kayonza,0.4427407450788353,0.5044070013515859,115.82146619592804,2019,A,2
55,Kirehe,0.47000285591622215,0.5293853246259361,110.33777860611877,2019,A,2
56,Ngoma,0.4805693425325777,0.5484517091476409,117.24434134682362,2019,A,2
52,Nyagatare,0.4906845230187849,0.5819825897116909,152.85401333491868,2019,A,2
51,Rwamagana,0.5356886142105701,0.6142799559576729,110.29516825561659,2019,A,2
12,Gasabo,0.5310010300436668,0.5979404326841511,124.30168379256676,2019,A,2
13,Kicukiro,0.4784911990117273,0.5349363504384504,111.54984771633562,2019,A,2
11,Nyarugenge,0.4880117742380483,0.5428321292328081,132.10286496450598,2019,A,2
44,Burera,0.48994122254470107,0.5808658822752905,234.41245999848002,2019,A,2
42,Gakenke,0.5209751043262226,0.5996688836794938,191.18334532442918,2019,A,2
45,Gicumbi,0.5933942705186825,0.6791852124739949,169.6432581088225,2019,A,2
43,Musanze,0.541310962823216,0.6294404241880249,272.5271126314616,2019,A,2
41,Rulindo,0.5301977314785036,0.6141315817536814,161.68100552782988,2019,A,2
22,Gisagara,0.5305498422594187,0.5656339774610699,158.7283101263768,2019,A,2
24,Huye,0.5154322926773581,0.5548023702846089,160.06406819404648,2019,A,2
28,Kamonyi,0.5108692036811321,0.5507720917222446,141.47222686086823,2019,A,2
27,Muhanga,0.5120532752281375,0.568369824311259,166.3215780066624,2019,A,2
25,Nyamagabe,0.5202398852358563,0.6097233042291678,194.0771253244545,2019,A,2
21,Nyanza,0.5115141013508386,0.556893876481673,142.64672667251202,2019,A,2
23,Nyaruguru,0.5429717102670045,0.6371873250975337,206.55199766702796,2019,A,2
26,Ruhango,0.4990868093457148,0.5376924904828344,147.14728119679103,2019,A,2
31,Karongi,0.5139113060932777,0.5762131431628007,201.1924180599039,2019,A,2
35,Ngororero,0.5135559914372314,0.5761970027785426,190.49931235903279,2019,A,2
34,Nyabihu,0.5330636326339638,0.641483166063139,254.11381074395794,2019,A,2
37,Nyamasheke,0.5672986621052435,0.6867935130481899,245.63814669833116,2019,A,2
33,Rubavu,0.5717731772757949,0.6855805031162238,233.80508528315377,2019,A,2
36,Rusizi,0.6193036902412695,0.7253191914883171,236.91308969104304,2019,A,2
32,Rutsiro,0.5233058348264731,0.6185972415446097,202.8656419521492,2019,A,2
57,Bugesera,0.46666547714886714,0.556873535878236,213.93328168134184,2019,A,3
53,Gatsibo,0.5646972347811325,0.6869967709140395,245.80610449577736,2019,A,3
54,Kayonza,0.4731185158972359,0.5713513559492595,214.40693781141835,2019,A,3
55,Kirehe,0.499196113737729,0.5922257150032404,207.99051548807975,2019,A,3
56,Ngoma,0.5116880774211403,0.6284341180363411,231.42740654497283,2019,A,3
52,Nyagatare,0.5560016034207644,0.6999535584303438,261.0124394207012,2019,A,3
51,Rwamagana,0.5756991156237777,0.6681082238881223,221.84475115598698,2019,A,3
12,Gasabo,0.5533299313789639,0.6319512283988417,241.08667093285314,2019,A,3
13,Kicukiro,0.4987546108817126,0.5720294262952859,222.51746190235366,2019,A,3
11,Nyarugenge,0.5310718612393541,0.6211677552559454,249.43820434509894,2019,A,3
44,Burera,0.5209382930011256,0.6803705408743825,379.83097580330366,2019,A,3
42,Gakenke,0.5652159850533359,0.695046710717309,329.50762851136767,2019,A,3
45,Gicumbi,0.6268127550672303,0.7334592362572125,298.80379370348663,2019,A,3
43,Musanze,0.5704619652770858,0.7244529569237153,452.3699124757297,2019,A,3
41,Rulindo,0.5763106299046432,0.6982792471291736,287.1957875740447,2019,A,3
22,Gisagara,0.5671882297728451,0.6431251175503626,308.1296226916395,2019,A,3
24,Huye,0.5472459856561508,0.6256696127060324,294.3872309257956,2019,A,3
28,Kamonyi,0.5393499751923634,0.6149179515906297,264.32968984351055,2019,A,3
27,Muhanga,0.5389623083299818,0.6278682292305452,306.09775439307913,2019,A,3
25,Nyamagabe,0.533779831814018,0.6689180789109984,358.5211437576178,2019,A,3
21,Nyanza,0.541221710627614,0.6081959334208717,270.6417226278651,2019,A,3
23,Nyaruguru,0.5384228312707791,0.6981216052108733,391.1594265401185,2019,A,3
26,Ruhango,0.523830057316956,0.5923647527170516,266.9447838491736,2019,A,3
31,Karongi,0.5550285005460077,0.6606677769054164,350.67716340483963,2019,A,3
35,Ngororero,0.558371141323503,0.6573880628046836,350.7434947825956,2019,A,3
34,Nyabihu,0.5835325535807114,0.7505914743285463,435.9877368328801,2019,A,3
37,Nyamasheke,0.5944007687069579,0.7485693269078157,435.69030784377446,2019,A,3
33,Rubavu,0.5918900227241086,0.760144004049726,410.8123747551052,2019,A,3
36,Rusizi,0.6154509695415123,0.7719989876877655,443.93849576716985,2019,A,3
32,Rutsiro,0.5633553033580394,0.7067135910063069,369.1184107460604,2019,A,3
57,Bugesera,0.5039049660265141,0.6485064841862095,375.0859399974846,2019,A,4
53,Gatsibo,0.6035460680928377,0.7397018458502489,400.8407596539209,2019,A,4
54,Kayonza,0.5093169924474142,0.6620420773954022,376.69680860995766,2019,A,4
55,Kirehe,0.5390119666507701,0.68678252019108,412.569908211133,2019,A,4
56,Ngoma,0.5469667792684055,0.7223622443759189,402.3524265940702,2019,A,4
52,Nyagatare,0.5984769720971349,0.7463946039431831,399.41623810226656,2019,A,4
51,Rwamagana,0.6043772942149478,0.7216439628021981,379.24251751253075,2019,A,4
12,Gasabo,0.5688863212534423,0.6670334402599828,392.6890184664666,2019,A,4
13,Kicukiro,0.5294225622656391,0.635452879612471,380.1985202766088,2019,A,4
11,Nyarugenge,0.561321981086215,0.6620876384571519,409.4814945474579,2019,A,4
44,Burera,0.5248771201517728,0.7093894054926609,522.4238550676504,2019,A,4
42,Gakenke,0.5908385709121384,0.7380649083390047,476.3757091286233,2019,A,4
45,Gicumbi,0.6274224691638401,0.7508956089197316,449.88640855592985,2019,A,4
43,Musanze,0.58741326458905,0.7575338873467591,600.4831515349476,2019,A,4
41,Rulindo,0.5913444009272912,0.7264853328528943,439.03529459456547,2019,A,4
22,Gisagara,0.59906756538282,0.70702835191442,518.1219006464208,2019,A,4
24,Huye,0.5717148915648411,0.6807567109857581,487.42576483908556,2019,A,4
28,Kamonyi,0.5657393238155461,0.6608226984896708,427.42263872424763,2019,A,4
27,Muhanga,0.5587688900572219,0.6636885826019218,475.1209340345209,2019,A,4
25,Nyamagabe,0.5769655145523885,0.7376119193576541,559.8724112701083,2019,A,4
21,Nyanza,0.5654175240966105,0.692142739256323,464.64297137654233,2019,A,4
23,Nyaruguru,0.5720104737009764,0.7511634993722116,608.9252103272765,2019,A,4
26,Ruhango,0.5388187885503483,0.6289743271073334,443.099883121545,2019,A,4
31,Karongi,0.5821020367225798,0.705180327808739,515.8498409207197,2019,A,4
35,Ngororero,0.5787358840616723,0.6932589060474672,503.86142200335064,2019,A,4
34,Nyabihu,0.61062760815568,0.7832175668515687,582.1679825677695,2019,A,4
37,Nyamasheke,0.624279980268483,0.788150737256768,626.8482372070392,2019,A,4
33,Rubavu,0.5709027346782682,0.778881364867248,531.820995298172,2019,A,4
36,Rusizi,0.639196171724967,0.8170133953925544,652.7986323073538,2019,A,4
32,Rutsiro,0.5505905544854948,0.7389839130172605,500.06989865133534,2019,A,4
57,Bugesera,0.33959912258287567,0.4186168506911953,168.1054456443373,2020,A,2
53,Gatsibo,0.4109605101436554,0.5535710213215221,207.14486374752752,2020,A,2
54,Kayonza,0.36931103435489415,0.4909274818135568,181.67077988690266,2020,A,2
55,Kirehe,0.3739067317570258,0.494105751132848,153.8149001939804,2020,A,2
56,Ngoma,0.40341104734031136,0.523465303907928,171.34140264410405,2020,A,2
52,Nyagatare,0.47531746227153826,0.6143422863563063,203.76409140688162,2020,A,2
51,Rwamagana,0.43094611223115603,0.5371559134693692,171.78441492123457,2020,A,2
12,Gasabo,0.4756728016919139,0.5787366550946061,184.7558804142136,2020,A,2
13,Kicukiro,0.4206558608732012,0.5111784908881334,186.12317871960792,2020,A,2
11,Nyarugenge,0.4421066038834825,0.5498957110011589,194.2098979719574,2020,A,2
44,Burera,0.4462422943614379,0.5796673288563748,251.38502750293574,2020,A,2
42,Gakenke,0.512199101419005,0.6303055395425846,229.1957366693032,2020,A,2
45,Gicumbi,0.529734245243747,0.6609619963329048,214.6893025658993,2020,A,2
43,Musanze,0.46952853934808036,0.6010688002578236,288.38661613268965,2020,A,2
41,Rulindo,0.5111209508795849,0.6214426211280837,211.3782105014707,2020,A,2
22,Gisagara,0.4701849134139471,0.5549067102447447,215.8657721256965,2020,A,2
24,Huye,0.4277217396011835,0.5639732964063345,228.66569775042262,2020,A,2
28,Kamonyi,0.40997896968590675,0.5013740412993487,196.24576403553232,2020,A,2
27,Muhanga,0.4720363798463312,0.5897195006602477,219.95420558432116,2020,A,2
25,Nyamagabe,0.40533082065055437,0.5949340718401462,236.15405225167115,2020,A,2
21,Nyanza,0.39888049206899634,0.4967872402292503,207.3074124919091,2020,A,2
23,Nyaruguru,0.43728003688550143,0.6363095060445598,261.3060572096128,2020,A,2
26,Ruhango,0.3936086373393479,0.4937961960509085,200.5728622805761,2020,A,2
31,Karongi,0.4493834726447057,0.5859386836254017,225.01502581853575,2020,A,2
35,Ngororero,0.4758741463237288,0.6284494853446971,241.2907736483032,2020,A,2
34,Nyabihu,0.5192189114025549,0.6988200977400454,268.2492700492503,2020,A,2
37,Nyamasheke,0.44819547964321926,0.6344786715197402,244.59530138258313,2020,A,2
33,Rubavu,0.49080002406110246,0.6506146746656691,220.40816296628591,2020,A,2
36,Rusizi,0.5080042102721641,0.680787540969825,238.14808856148053,2020,A,2
32,Rutsiro,0.47891789170328897,0.6369732979489136,226.08703654021983,2020,A,2
57,Bugesera,0.42314159409338564,0.6204537202741786,302.9092520308138,2020,A,3
53,Gatsibo,0.49968489069984684,0.6978270784861113,367.88503095013226,2020,A,3
54,Kayonza,0.425279218602219,0.6259603031248455,352.4630909431274,2020,A,3
55,Kirehe,0.431875484434152,0.626653795871037,317.7025692521908,2020,A,3
56,Ngoma,0.44352119595646633,0.6444018986015373,319.7169737717941,2020,A,3
52,Nyagatare,0.5521330884307306,0.7481229449402753,358.59731230707894,2020,A,3
51,Rwamagana,0.4847814740448792,0.6628909276883146,299.5519245104222,2020,A,3
12,Gasabo,0.5126765566706509,0.6562093076111728,315.5435469779675,2020,A,3
13,Kicukiro,0.47596754725184826,0.6225887780323043,311.87149359970243,2020,A,3
11,Nyarugenge,0.49648089484429947,0.641814515974765,323.18132209321425,2020,A,3
44,Burera,0.4570322252659519,0.6401221942742453,411.19792289154697,2020,A,3
42,Gakenke,0.5459236521112246,0.7055275248765552,391.715094571031,2020,A,3
45,Gicumbi,0.5603018039103924,0.7200345395564252,361.8948751860399,2020,A,3
43,Musanze,0.4883248750803404,0.7032653295361782,476.33237575245664,2020,A,3
41,Rulindo,0.5418533611300576,0.6921439733443142,356.41156492516313,2020,A,3
22,Gisagara,0.5154434135445926,0.6676916396716326,376.83439562277186,2020,A,3
24,Huye,0.48910039929879656,0.6544155963195233,376.4749290875833,2020,A,3
28,Kamonyi,0.4873201902373639,0.6517596114933051,338.7983434666862,2020,A,3
27,Muhanga,0.50135386530279,0.6661592471718634,390.9893686318344,2020,A,3
25,Nyamagabe,0.4216517277438371,0.6608130331530438,418.2904846304617,2020,A,3
21,Nyanza,0.46954603068449235,0.6484119027428848,356.92703076121666,2020,A,3
23,Nyaruguru,0.4694590346172911,0.6995943426515235,450.0143372688294,2020,A,3
26,Ruhango,0.46622222166809546,0.6419259419330322,346.2306102356317,2020,A,3
31,Karongi,0.47109274756052616,0.6612707617133127,384.60413274588603,2020,A,3
35,Ngororero,0.4787310484713704,0.6922676091305039,423.69911847085115,2020,A,3
34,Nyabihu,0.4977323051098782,0.7406557365539652,466.62062416324613,2020,A,3
37,Nyamasheke,0.4738625447455791,0.700297783960083,434.83120311371715,2020,A,3
33,Rubavu,0.4867822626597041,0.723076721959367,396.02783254745685,2020,A,3
36,Rusizi,0.5138796486261056,0.7432792939571702,433.83639207368077,2020,A,3
32,Rutsiro,0.4661644701840081,0.6956147695883229,395.29996172310405,2020,A,3
57,Bugesera,0.46150927950745496,0.6740745513036965,402.7861576542425,2020,A,4
53,Gatsibo,0.5456755451063263,0.7594885062891347,468.59037822745694,2020,A,4
54,Kayonza,0.4725682577313068,0.706401808700651,445.74591998918334,2020,A,4
55,Kirehe,0.4828499776264715,0.7203655792205359,427.07097302048066,2020,A,4
56,Ngoma,0.480627849136541,0.708499086015211,412.30533716486286,2020,A,4
52,Nyagatare,0.5741735535598705,0.7746511545278011,452.6751928812137,2020,A,4
51,Rwamagana,0.5232373347981802,0.7254078268144682,386.21974335393776,2020,A,4
12,Gasabo,0.5425603501541124,0.7017994993132195,406.942926500508,2020,A,4
13,Kicukiro,0.49717019324285616,0.6554515746239282,404.79210526153975,2020,A,4
11,Nyarugenge,0.512713706318696,0.6685495626023138,417.1100162229107,2020,A,4
44,Burera,0.49893553521465106,0.7130687364008236,518.7325334816217,2020,A,4
42,Gakenke,0.5680947055496423,0.7552289018651577,506.7006712050075,2020,A,4
45,Gicumbi,0.5754218952191782,0.7559513638767763,459.498849116078,2020,A,4
43,Musanze,0.5324878142562253,0.7615449988734129,597.9544526948816,2020,A,4
41,Rulindo,0.5545813907124865,0.7386435437390872,462.2170394488054,2020,A,4
22,Gisagara,0.5518111775338407,0.7145827067733673,513.1207484868098,2020,A,4
24,Huye,0.5218512255680198,0.7060463835652694,527.7478989881677,2020,A,4
28,Kamonyi,0.5236595398451828,0.7067168043250174,446.9443746765127,2020,A,4
27,Muhanga,0.5321542194910767,0.7203807355978539,532.1022515430357,2020,A,4
25,Nyamagabe,0.471913914928313,0.7334525952340651,610.3212292326101,2020,A,4
21,Nyanza,0.5039278767039121,0.7121357368324182,488.4004905411764,2020,A,4
23,Nyaruguru,0.4990662754319084,0.7458735783387022,641.1177062567099,2020,A,4
26,Ruhango,0.49856240106464866,0.6983164549536355,476.4541632397998,2020,A,4
31,Karongi,0.5201666590125341,0.7341903981613156,550.1913092088818,2020,A,4
35,Ngororero,0.529439364110099,0.7406245566981169,569.8282428222064,2020,A,4
34,Nyabihu,0.5435931128757391,0.7904619708949886,595.3713868921077,2020,A,4
37,Nyamasheke,0.5136389291302991,0.7846821309760681,608.2773859054852,2020,A,4
33,Rubavu,0.4977911058160983,0.7490227866057627,510.1857982743531,2020,A,4
36,Rusizi,0.5494187789276463,0.8117931610216418,628.2547589087812,2020,A,4
32,Rutsiro,0.49482088549993364,0.7427674864661612,535.3780519121615,2020,A,4
57,Bugesera,0.4401163165897606,0.5510821461862958,242.31191755977105,2021,A,2
53,Gatsibo,0.5426598265498879,0.654866850771449,255.1461372524626,2021,A,2
54,Kayonza,0.4531327466389211,0.5690297931231333,240.80921592354088,2021,A,2
55,Kirehe,0.4740542716368253,0.5934830355944544,220.82824625808647,2021,A,2
56,Ngoma,0.47944561950416126,0.6011633351368539,269.84220440895933,2021,A,2
52,Nyagatare,0.5516339474412515,0.6979919635516489,264.35993683834914,2021,A,2
51,Rwamagana,0.48591767358938914,0.6203706708616527,260.6412135952642,2021,A,2
12,Gasabo,0.4512503754441632,0.5535865489717066,260.73636098608296,2021,A,2
13,Kicukiro,0.4361583987481216,0.5235492765951232,258.8606526675789,2021,A,2
11,Nyarugenge,0.4757755143285454,0.5669298475177946,263.12536860337696,2021,A,2
44,Burera,0.4784653544979814,0.6227995497396583,313.0691271996882,2021,A,2
42,Gakenke,0.47860837656834937,0.6007949037632083,282.97874463647173,2021,A,2
45,Gicumbi,0.5033776854335849,0.6303863563839186,287.4981668407698,2021,A,2
43,Musanze,0.4981388481308789,0.6959293432731587,314.3453644352149,2021,A,2
41,Rulindo,0.48899442181313585,0.598802297347728,278.2888636389579,2021,A,2
22,Gisagara,0.48240754369513916,0.5579968558159643,271.95132661380933,2021,A,2
24,Huye,0.48092163070449284,0.5797584822426439,273.35946143431397,2021,A,2
28,Kamonyi,0.4790077772696852,0.5881156058362665,247.70861879030835,2021,A,2
27,Muhanga,0.4873295847237345,0.594978906478663,261.6511153856582,2021,A,2
25,Nyamagabe,0.45606028589073466,0.6418293654572391,237.1016780695331,2021,A,2
21,Nyanza,0.4865268029045639,0.5858681142602549,262.584939831957,2021,A,2
23,Nyaruguru,0.5069312287730953,0.6793977079755502,263.98250243359894,2021,A,2
26,Ruhango,0.4897307402636227,0.5992110730182383,254.71065659383908,2021,A,2
31,Karongi,0.541750036837117,0.6646919326868308,242.2868979742719,2021,A,2
35,Ngororero,0.4764710721514502,0.6012033326698009,253.43015434986128,2021,A,2
34,Nyabihu,0.4826939015773141,0.6682305844511058,260.89973128397594,2021,A,2
37,Nyamasheke,0.5178912518761241,0.7133559574055058,252.8594015782603,2021,A,2
33,Rubavu,0.5460843383208717,0.735843325196571,226.19125705661187,2021,A,2
36,Rusizi,0.5587846429043014,0.7445812773010895,236.47477263713952,2021,A,2
32,Rutsiro,0.510216389734206,0.6841866906990571,230.40713903091844,2021,A,2
57,Bugesera,0.4762976595708544,0.6476447793720305,358.4697078996427,2021,A,3
53,Gatsibo,0.5771291156903411,0.7346851213036497,366.13215222735846,2021,A,3
54,Kayonza,0.4922892491841019,0.6758150512034298,355.03413753869154,2021,A,3
55,Kirehe,0.5105987053066411,0.6881767348749421,323.3869145869659,2021,A,3
56,Ngoma,0.5132283159125571,0.6850979138497482,391.4968238392037,2021,A,3
52,Nyagatare,0.5902498224942591,0.7610142095367491,370.0512210421832,2021,A,3
51,Rwamagana,0.5213493927844003,0.6970284760370391,375.87629776120696,2021,A,3
12,Gasabo,0.48431432991088624,0.6414218886075479,383.8369949408094,2021,A,3
13,Kicukiro,0.4614934494068889,0.588750629878751,376.27290174339083,2021,A,3
11,Nyarugenge,0.4950173501940521,0.613659505766366,384.036911681982,2021,A,3
44,Burera,0.5257137062652868,0.7325478471196765,452.1173038748356,2021,A,3
42,Gakenke,0.5227938009696266,0.7090307687123678,419.32772482868825,2021,A,3
45,Gicumbi,0.5499838197012267,0.746602630228836,410.976989912555,2021,A,3
43,Musanze,0.5424666884042713,0.759109640683121,470.292230332909,2021,A,3
41,Rulindo,0.5327545348810281,0.7152113046872658,405.8990527499894,2021,A,3
22,Gisagara,0.5118793082695063,0.6410386440183604,414.16759101744475,2021,A,3
24,Huye,0.512142685290062,0.64489405806856,404.2115473715391,2021,A,3
28,Kamonyi,0.5112439057110664,0.6530020915931737,375.2177953284125,2021,A,3
27,Muhanga,0.5163782204743218,0.6529690448476578,402.24063591797847,2021,A,3
25,Nyamagabe,0.4915890776945957,0.7114955450192368,372.0250506450463,2021,A,3
21,Nyanza,0.522129558657773,0.6789018623902576,393.89194965785947,2021,A,3
23,Nyaruguru,0.5430871736132161,0.7341715581388698,399.97384393028,2021,A,3
26,Ruhango,0.5222480405723451,0.667284189755147,377.45384623481306,2021,A,3
31,Karongi,0.5643271058844495,0.7057808346541922,366.7196733878373,2021,A,3
35,Ngororero,0.5135208276744343,0.6748505381968,401.48078203520583,2021,A,3
34,Nyabihu,0.5270042543388546,0.7462394094910018,415.4245137193555,2021,A,3
37,Nyamasheke,0.5341276520451322,0.7544854837563988,386.8035475999749,2021,A,3
33,Rubavu,0.5635137618374185,0.7650589292043939,351.2037894959488,2021,A,3
36,Rusizi,0.5781215300380105,0.7843149993838309,379.3044898831881,2021,A,3
32,Rutsiro,0.5334294440831587,0.7295780229378706,362.3636955189431,2021,A,3
57,Bugesera,0.5178557903725992,0.6881472312815747,499.4562871959245,2021,A,4
53,Gatsibo,0.6023323623035366,0.7556897615797258,524.9534878707044,2021,A,4
54,Kayonza,0.5328619284501959,0.7117448189680856,526.3680098985593,2021,A,4
55,Kirehe,0.5513726262276086,0.729321719307554,520.1961367549011,2021,A,4
56,Ngoma,0.5482765688369868,0.725506034423337,542.2416943480808,2021,A,4
52,Nyagatare,0.6222747667800789,0.7738001613705893,515.1743223643463,2021,A,4
51,Rwamagana,0.5586757930828666,0.7324360725702113,513.5406956551275,2021,A,4
12,Gasabo,0.5169245242827231,0.6729399229765004,511.49949556963253,2021,A,4
13,Kicukiro,0.493003507802877,0.6291208793790223,511.05204980846446,2021,A,4
11,Nyarugenge,0.5273596712554108,0.6577484987216524,518.5364949932455,2021,A,4
44,Burera,0.5474562783396167,0.7517711171457588,604.3967780568072,2021,A,4
42,Gakenke,0.5636996931138342,0.7367977981246164,577.1871031907339,2021,A,4
45,Gicumbi,0.5789275465606729,0.7703168753011793,556.239172224978,2021,A,4
43,Musanze,0.5673159953926852,0.772779085127566,634.3690160079166,2021,A,4
41,Rulindo,0.5668157271943983,0.7367489175149403,549.4715211961299,2021,A,4
22,Gisagara,0.5542269795195186,0.6995997857554157,644.5516556106028,2021,A,4
24,Huye,0.5510300015977717,0.6913265159030547,608.0789286702569,2021,A,4
28,Kamonyi,0.5485993120568238,0.6919329608930315,516.8259969455678,2021,A,4
27,Muhanga,0.5542809968414747,0.686947230513411,563.8183276127029,2021,A,4
25,Nyamagabe,0.5411761224090929,0.745177777527399,575.5431537363629,2021,A,4
21,Nyanza,0.5571430078072196,0.7005475424093188,572.4792276891443,2021,A,4
23,Nyaruguru,0.5753109991763522,0.757612455345336,636.4248658324498,2021,A,4
26,Ruhango,0.552765086461146,0.687833996338622,531.4601023756204,2021,A,4
31,Karongi,0.5956858282782164,0.7428169951450826,517.8333371288892,2021,A,4
35,Ngororero,0.5540116758733743,0.7048466312080308,550.5640828523594,2021,A,4
34,Nyabihu,0.5725402653363842,0.7750219664645872,571.674512637879,2021,A,4
37,Nyamasheke,0.5682163906634149,0.7935460055609977,577.6087000069748,2021,A,4
33,Rubavu,0.56504290334653,0.789924422856426,473.7167899855848,2021,A,4
36,Rusizi,0.5976128278772569,0.8111090651396988,600.4172415758782,2021,A,4
32,Rutsiro,0.5407886568373417,0.7577278826917565,488.0568361555716,2021,A,4
57,Bugesera,0.435929995806672,0.5184462665641503,189.27627987192193,2022,A,2
53,Gatsibo,0.5215012446182643,0.6162650773108018,219.64598000349363,2022,A,2
54,Kayonza,0.44885369460335656,0.517708324943378,177.5612404448978,2022,A,2
55,Kirehe,0.4538533848741281,0.5298887762596762,154.2910919083955,2022,A,2
56,Ngoma,0.4717146214498882,0.5913165026899538,184.52545920036377,2022,A,2
52,Nyagatare,0.516821422300228,0.6067502048775556,211.1526573906469,2022,A,2
51,Rwamagana,0.504891063795547,0.5909130886474102,186.5240379076019,2022,A,2
12,Gasabo,0.5000567596875561,0.5702387203637413,247.28778629136366,2022,A,2
13,Kicukiro,0.4483992160925242,0.49576837649736594,208.0811359700422,2022,A,2
11,Nyarugenge,0.49380634582252847,0.5331070182279702,239.34934177481267,2022,A,2
44,Burera,0.5293838546391083,0.6252888102875706,254.97924172853703,2022,A,2
42,Gakenke,0.5826537716877811,0.6726322911655456,236.45107092056898,2022,A,2
45,Gicumbi,0.6009374226031655,0.6773815080629044,267.05774889207004,2022,A,2
43,Musanze,0.6024994717503488,0.7015882412855668,272.5503891088042,2022,A,2
41,Rulindo,0.5255437656410183,0.6222599847718561,274.4472212740629,2022,A,2
22,Gisagara,0.5253455632891888,0.6299035008294188,276.5274896527046,2022,A,2
24,Huye,0.5215331172770523,0.6086198221208701,263.26948417012613,2022,A,2
28,Kamonyi,0.5405873479578036,0.5915667043679811,244.17148717299054,2022,A,2
27,Muhanga,0.5564328204501185,0.6094235200574862,241.59598546756942,2022,A,2
25,Nyamagabe,0.5461435255023238,0.6571114514703305,226.37349715174184,2022,A,2
21,Nyanza,0.5220400552523785,0.6127941403522323,254.41556108290945,2022,A,2
23,Nyaruguru,0.5677482497245911,0.6824334914346728,255.33196622965224,2022,A,2
26,Ruhango,0.5286395547685411,0.5933054436715223,237.06975954799776,2022,A,2
31,Karongi,0.559834531687419,0.6313660968494182,217.35962227174147,2022,A,2
35,Ngororero,0.577852213290771,0.6455313236909194,214.94125462380785,2022,A,2
34,Nyabihu,0.6061384692893468,0.7235808203924945,242.23145230905584,2022,A,2
37,Nyamasheke,0.5960729097552719,0.7290681240590501,223.06070277021837,2022,A,2
33,Rubavu,0.6273506956672334,0.7305156582529378,218.24282659099188,2022,A,2
36,Rusizi,0.5955353749751204,0.7236565239398135,212.08051413745318,2022,A,2
32,Rutsiro,0.6109664495272069,0.6998847923953154,209.06283148964158,2022,A,2
57,Bugesera,0.46078966855285547,0.5630301951196068,287.3219454526456,2022,A,3
53,Gatsibo,0.5689772749156585,0.6984598352933101,311.32917404043087,2022,A,3
54,Kayonza,0.46729660994043926,0.5796968744894994,275.6487249485566,2022,A,3
55,Kirehe,0.4908951545479399,0.6141476404061549,244.0493221783197,2022,A,3
56,Ngoma,0.5251684891387592,0.6861113130483352,286.37039218532436,2022,A,3
52,Nyagatare,0.5857539703417575,0.7355911737104637,302.7403008779485,2022,A,3
51,Rwamagana,0.5551111645398945,0.6780443482707296,278.50183749441896,2022,A,3
12,Gasabo,0.5321177018788952,0.6218367907481025,345.54608361772773,2022,A,3
13,Kicukiro,0.46236968014357244,0.5259287065380742,304.6233741639312,2022,A,3
11,Nyarugenge,0.5090288033549766,0.5719824128607418,340.80055031259155,2022,A,3
44,Burera,0.5757074091700283,0.7133701608422849,359.8147080964108,2022,A,3
42,Gakenke,0.6249998050449822,0.732201376954047,343.96734327632373,2022,A,3
45,Gicumbi,0.6423319030570867,0.7454425346728424,355.13101185478064,2022,A,3
43,Musanze,0.624155232513417,0.7624188574183065,398.5720738825617,2022,A,3
41,Rulindo,0.5798166540809281,0.7069445793815236,368.54253109199624,2022,A,3
22,Gisagara,0.5767374103570118,0.7169281274472948,399.76083864881736,2022,A,3
24,Huye,0.5600029596347981,0.6867758568930237,374.6727394325645,2022,A,3
28,Kamonyi,0.5625468477559002,0.6324797696986906,350.352705208526,2022,A,3
27,Muhanga,0.5847548308685502,0.6634011248970108,358.2717682869802,2022,A,3
25,Nyamagabe,0.5652257378411992,0.7112568009991825,353.52131506157826,2022,A,3
21,Nyanza,0.5612794901732907,0.6760866617535214,368.02102653012986,2022,A,3
23,Nyaruguru,0.5841759025029738,0.7453678265575612,388.59882608857794,2022,A,3
26,Ruhango,0.5549449640670036,0.638421198171024,347.6826694613597,2022,A,3
31,Karongi,0.5971045584167953,0.7007525650095778,334.0882297566024,2022,A,3
35,Ngororero,0.6046564206772119,0.7026710668510178,340.62176882439604,2022,A,3
34,Nyabihu,0.6359398286610712,0.7720181418541681,373.6753396086862,2022,A,3
37,Nyamasheke,0.6197044330735053,0.7810189016783261,361.5476855543124,2022,A,3
33,Rubavu,0.6360058325835164,0.7819588999292543,336.85010546225715,2022,A,3
36,Rusizi,0.6161625651563596,0.7816125580400304,360.8585876093379,2022,A,3
32,Rutsiro,0.6285483006349717,0.7468994889747793,332.63641115328113,2022,A,3
57,Bugesera,0.4662316080678633,0.5857683940697448,388.1567575952566,2022,A,4
53,Gatsibo,0.5897258022194741,0.734987190021074,411.30106456150025,2022,A,4
54,Kayonza,0.4763232644608878,0.6201683293182082,379.5367590975123,2022,A,4
55,Kirehe,0.5185334395879545,0.6868262865403292,384.83275563306046,2022,A,4
56,Ngoma,0.5368070636438446,0.7075250500811631,404.2408948439037,2022,A,4
52,Nyagatare,0.6093593220967434,0.7559486190252475,397.12457338369484,2022,A,4
51,Rwamagana,0.5555791761956194,0.6937079518998123,389.395302877258,2022,A,4
12,Gasabo,0.5234207146702979,0.6327448772508931,447.59762170577466,2022,A,4
13,Kicukiro,0.4573535816732991,0.5398629600070037,412.1233870196481,2022,A,4
11,Nyarugenge,0.5062658286407984,0.6004382895874338,440.5097017255608,2022,A,4
44,Burera,0.5231266012167548,0.7223836578655054,472.82432883610596,2022,A,4
42,Gakenke,0.5948391839537591,0.7463549471779407,461.627352429263,2022,A,4
45,Gicumbi,0.6096718907570423,0.7509046906477387,457.33234632185474,2022,A,4
43,Musanze,0.5693146374321947,0.7752146708054927,530.2429923596128,2022,A,4
41,Rulindo,0.5546422302581051,0.7120996051406785,481.49198468851415,2022,A,4
22,Gisagara,0.5937858783213512,0.7335095578319236,533.2277813485566,2022,A,4
24,Huye,0.5635851544548782,0.7068931766677616,495.7674591022086,2022,A,4
28,Kamonyi,0.5559219948260569,0.6538779036127252,452.21057489514345,2022,A,4
27,Muhanga,0.5589386990971594,0.6830155546233992,474.80409757224976,2022,A,4
25,Nyamagabe,0.5258015992766591,0.7242920900692567,489.9372864023489,2022,A,4
21,Nyanza,0.5636878264797034,0.6990664034952268,478.58958632394564,2022,A,4
23,Nyaruguru,0.5488415129412787,0.7570870988536227,529.6090703769514,2022,A,4
26,Ruhango,0.5396418789345032,0.653552282952971,453.87065236855835,2022,A,4
31,Karongi,0.5897758511801656,0.7188206194798227,460.41466728165847,2022,A,4
35,Ngororero,0.5846292533760925,0.7212476490358629,465.27359928514556,2022,A,4
34,Nyabihu,0.6039228394653925,0.7897636131266412,502.4885249540919,2022,A,4
37,Nyamasheke,0.5835418739457772,0.7929103112349051,515.3806453498734,2022,A,4
33,Rubavu,0.5815105775607702,0.7900980378481653,465.7010431255806,2022,A,4
36,Rusizi,0.6010545920445172,0.8179659975215827,527.3869621317303,2022,A,4
32,Rutsiro,0.5801618627938051,0.759095356548632,462.6074778809052,2022,A,4
57,Bugesera,0.4585988027164761,0.516303641344792,102.03364043974682,2023,A,2
53,Gatsibo,0.5660124489217877,0.6286313749384822,149.90908944646617,2023,A,2
54,Kayonza,0.45309479092689336,0.5253171767856079,130.6656758265919,2023,A,2
55,Kirehe,0.44235860315014397,0.5441004729209833,115.09764485371154,2023,A,2
56,Ngoma,0.4836813454542348,0.5784398244315379,117.84746700629321,2023,A,2
52,Nyagatare,0.5710516091652019,0.6335913969582001,176.4008867403426,2023,A,2
51,Rwamagana,0.5031874812651722,0.5690948188672817,109.11250420878953,2023,A,2
12,Gasabo,0.5128610461526365,0.5559818359914657,126.72781211196686,2023,A,2
13,Kicukiro,0.42997731813959383,0.48242424850810506,114.56522422456386,2023,A,2
11,Nyarugenge,0.5028264964653802,0.5357216418047716,123.57421383687014,2023,A,2
44,Burera,0.541667134364628,0.6133759698342918,242.1686038125211,2023,A,2
42,Gakenke,0.5721371435789606,0.6164645860290418,203.49390572657597,2023,A,2
45,Gicumbi,0.5906470671967512,0.6638924897450622,176.01685885610718,2023,A,2
43,Musanze,0.5662033690978793,0.6619304766020614,292.0528784217448,2023,A,2
41,Rulindo,0.5683078567567916,0.6186714779449305,172.21421825181218,2023,A,2
22,Gisagara,0.48784754796465846,0.5209783916072209,142.51068684193092,2023,A,2
24,Huye,0.5054850019547601,0.5513120360580304,157.88558308719507,2023,A,2
28,Kamonyi,0.5318624144944154,0.5806502249356006,133.83638940030585,2023,A,2
27,Muhanga,0.5326030014872721,0.6084454990575984,173.60536579258888,2023,A,2
25,Nyamagabe,0.50639616049488,0.61242342412934,205.1698736694557,2023,A,2
21,Nyanza,0.4986072628410417,0.5621126120148046,144.4230428723745,2023,A,2
23,Nyaruguru,0.5442656920130747,0.6507367357954095,207.28505617592435,2023,A,2
26,Ruhango,0.50038942203133,0.571902896735335,140.3967325980983,2023,A,2
31,Karongi,0.5376464957800353,0.6172506125653522,210.77627857561635,2023,A,2
35,Ngororero,0.5391295338951345,0.5917983843837092,193.8470301019519,2023,A,2
34,Nyabihu,0.5762462326532517,0.664169121695848,251.26340638199702,2023,A,2
37,Nyamasheke,0.534890310114292,0.6804856380775854,258.3734502048044,2023,A,2
33,Rubavu,0.5743012022060636,0.6803269519988188,228.9776906143058,2023,A,2
36,Rusizi,0.5519569367673323,0.7020316541414644,246.38925376214073,2023,A,2
32,Rutsiro,0.5422746398940553,0.6428571875121807,206.93321170088066,2023,A,2
57,Bugesera,0.47221198845038154,0.5954088820911935,226.2862001583699,2023,A,3
53,Gatsibo,0.5982214977850009,0.7230762771165329,271.99398847479324,2023,A,3
54,Kayonza,0.48150604188322194,0.6311753849044898,253.67915627947175,2023,A,3
55,Kirehe,0.48331615964896274,0.646255235488108,243.31689216763908,2023,A,3
56,Ngoma,0.5180733057184131,0.6758684648070116,254.28973088884806,2023,A,3
52,Nyagatare,0.6074940466065286,0.7212189461082431,299.60822040057644,2023,A,3
51,Rwamagana,0.5095952078994811,0.6334645930280695,236.3411457835383,2023,A,3
12,Gasabo,0.5191618974241716,0.6130027936903839,265.25239054321804,2023,A,3
13,Kicukiro,0.44560334342034325,0.5618231159811508,242.3126834720989,2023,A,3
11,Nyarugenge,0.5047052945352882,0.5864219289274755,255.66023499462423,2023,A,3
44,Burera,0.5245793285414444,0.6533071181339346,414.0951109601045,2023,A,3
42,Gakenke,0.5804396963180783,0.690494682369517,362.0807176041662,2023,A,3
45,Gicumbi,0.5970338728079708,0.7214281425641385,321.05026238666994,2023,A,3
43,Musanze,0.5654074646232967,0.7137317558794949,484.22645956665724,2023,A,3
41,Rulindo,0.573923703023322,0.6788097351160994,319.4915744122564,2023,A,3
22,Gisagara,0.5095851222541665,0.6265360388771374,315.1692686785323,2023,A,3
24,Huye,0.5153436290841744,0.6627787597350876,320.9869898790749,2023,A,3
28,Kamonyi,0.5260127559267093,0.6122050092839629,275.9861165187142,2023,A,3
27,Muhanga,0.5334899988205916,0.6618796829702295,332.8658454424324,2023,A,3
25,Nyamagabe,0.5065127833450315,0.6873427104533572,387.026697742188,2023,A,3
21,Nyanza,0.5043768258725491,0.6299650145315007,295.42880570740095,2023,A,3
23,Nyaruguru,0.5148218078045264,0.7061088476136855,398.18920424470815,2023,A,3
26,Ruhango,0.49715089742427754,0.6242140887133025,283.2607002403352,2023,A,3
31,Karongi,0.5417727109483412,0.6845257324593085,373.9009725652243,2023,A,3
35,Ngororero,0.530387269866557,0.6506892459629365,366.1728612884971,2023,A,3
34,Nyabihu,0.582523719962571,0.7400780156329804,443.72961361007435,2023,A,3
37,Nyamasheke,0.5460746560942897,0.7634923375607959,452.3496816820767,2023,A,3
33,Rubavu,0.5393743482263433,0.7146625194270692,421.0594439014316,2023,A,3
36,Rusizi,0.5425404624377841,0.7661725996855187,450.5083278369896,2023,A,3
32,Rutsiro,0.5108182096876023,0.6871782514122089,384.6934189341231,2023,A,3
57,Bugesera,0.5155850210123335,0.6671735091423555,333.55893772351715,2023,A,4
53,Gatsibo,0.6216038715126484,0.7500287520021109,372.2144571913987,2023,A,4
54,Kayonza,0.522890019883204,0.6902142597574866,355.83280595960804,2023,A,4
55,Kirehe,0.5386391132904947,0.7309139732542096,366.3877061204134,2023,A,4
56,Ngoma,0.5593602427902924,0.732955419832862,359.89623354601173,2023,A,4
52,Nyagatare,0.6358443349912853,0.7571501042923026,392.8950693515047,2023,A,4
51,Rwamagana,0.547325811223413,0.7014806946860642,332.2871246921599,2023,A,4
12,Gasabo,0.541369768811985,0.6521547249229661,368.0458250723628,2023,A,4
13,Kicukiro,0.47614127332681594,0.6083103106351321,353.0520913902333,2023,A,4
11,Nyarugenge,0.5263296436388677,0.6274859681424398,378.90606627728243,2023,A,4
44,Burera,0.5595170393117048,0.7275364338988923,530.3632022838424,2023,A,4
42,Gakenke,0.6110697772722732,0.7439923746357409,498.54234490988654,2023,A,4
45,Gicumbi,0.6249829795640148,0.7647817411349168,417.89158673192213,2023,A,4
43,Musanze,0.5844112329085819,0.7444642766844343,620.9354370051395,2023,A,4
41,Rulindo,0.5993534527562947,0.7332856601507395,430.37656411591325,2023,A,4
22,Gisagara,0.5549540250260444,0.7075433722683686,446.2202470905977,2023,A,4
24,Huye,0.5549658710086895,0.7154899218011576,437.5605096076779,2023,A,4
28,Kamonyi,0.5513091730568279,0.6512675689290502,404.58823557426825,2023,A,4
27,Muhanga,0.5634220662559924,0.6945684056340811,473.0067324649855,2023,A,4
25,Nyamagabe,0.5477631222606276,0.7583593708431514,545.6587252012903,2023,A,4
21,Nyanza,0.5422295760599846,0.6912404132031463,408.30754202198113,2023,A,4
23,Nyaruguru,0.5700332594603928,0.772495265354333,564.2417777941496,2023,A,4
26,Ruhango,0.5262611902690869,0.6545531194055298,399.2291629962061,2023,A,4
31,Karongi,0.5765829117750054,0.7478000068713313,511.2309854957008,2023,A,4
35,Ngororero,0.5691253094989642,0.7123992732012452,506.7765709475938,2023,A,4
34,Nyabihu,0.6112802260375748,0.7798792849877274,583.839556428688,2023,A,4
37,Nyamasheke,0.5823886077534814,0.8067265496034369,620.5092406842465,2023,A,4
33,Rubavu,0.5727488065255664,0.7502632993081632,541.6180739609049,2023,A,4
36,Rusizi,0.5961430486008086,0.8176980544723486,641.7226767796885,2023,A,4
32,Rutsiro,0.5456482154737294,0.7572131304917474,517.4114176743701,2023,A,4
57,Bugesera,0.44984935772667056,0.5080696886941404,142.7367901844987,2024,A,2
53,Gatsibo,0.5655857918302728,0.6463100680213352,192.6994446316735,2024,A,2
54,Kayonza,0.4378766915584558,0.5058081771713809,158.98032571201452,2024,A,2
55,Kirehe,0.4918728371040343,0.5624545678561775,129.77231765178567,2024,A,2
56,Ngoma,0.5305978790740274,0.6113484756997055,142.32647098732184,2024,A,2
52,Nyagatare,0.5721963353688198,0.662518658634742,210.12611273044283,2024,A,2
51,Rwamagana,0.5369670116660633,0.6041571517535501,143.63008734631396,2024,A,2
12,Gasabo,0.5354968873830128,0.5942611377419111,157.04000760851258,2024,A,2
13,Kicukiro,0.4620546084110288,0.5074253073522337,152.62647436801777,2024,A,2
11,Nyarugenge,0.5431222135977098,0.5923660893556751,156.14921647152687,2024,A,2
44,Burera,0.5659339125591724,0.6424115691410635,223.40295559597675,2024,A,2
42,Gakenke,0.6072956997920854,0.6756167512704412,199.58758530271365,2024,A,2
45,Gicumbi,0.5978218808449207,0.665188530282909,191.15464720938965,2024,A,2
43,Musanze,0.5857072343869087,0.6960394208784407,264.39622495751905,2024,A,2
41,Rulindo,0.5891915904044108,0.6392687040206615,183.40545784797,2024,A,2
22,Gisagara,0.5015389080651019,0.5664182509292295,206.55283038728595,2024,A,2
24,Huye,0.5259984872432615,0.599196575399807,197.02664086144077,2024,A,2
28,Kamonyi,0.561072576492058,0.6208993095017261,158.99972787344416,2024,A,2
27,Muhanga,0.5848893688372532,0.6410691655349112,178.45640632536913,2024,A,2
25,Nyamagabe,0.5365511156100308,0.6628319941357331,203.28319999204984,2024,A,2
21,Nyanza,0.5059821824148246,0.5722542197773843,172.19331362776668,2024,A,2
23,Nyaruguru,0.5800635941656697,0.6976195272834828,229.12537340070241,2024,A,2
26,Ruhango,0.5243951930365915,0.5801053424118262,161.2991712649739,2024,A,2
31,Karongi,0.5962417616225152,0.6553843512045451,181.3262853076418,2024,A,2
35,Ngororero,0.5624632071703415,0.6507846386686011,197.66359327456632,2024,A,2
34,Nyabihu,0.6026503754085671,0.7087023980216925,235.240827373191,2024,A,2
37,Nyamasheke,0.6227596637765851,0.7460335424712753,232.86229118524378,2024,A,2
33,Rubavu,0.6100768584092594,0.7007379928878638,197.99831313817677,2024,A,2
36,Rusizi,0.6398816484293571,0.7580792103647249,223.7729096589532,2024,A,2
32,Rutsiro,0.6037531925688813,0.6806707721219428,180.79468658620937,2024,A,2
57,Bugesera,0.49548773634789495,0.6613417603922378,253.69786863209148,2024,A,3
53,Gatsibo,0.5848837880955396,0.7525656463670738,344.8406382190339,2024,A,3
54,Kayonza,0.4794684114820122,0.694104134683926,324.98770348544656,2024,A,3
55,Kirehe,0.5321916242445521,0.7348344434415672,269.55214805315734,2024,A,3
56,Ngoma,0.5384494197866683,0.7033318201942705,281.1684354597955,2024,A,3
52,Nyagatare,0.6216856406879613,0.7857809301247952,348.09566455283215,2024,A,3
51,Rwamagana,0.5591049106637844,0.7174927532629987,295.29248582129355,2024,A,3
12,Gasabo,0.5512994090591109,0.6703211082169928,312.22749931512004,2024,A,3
13,Kicukiro,0.48127207123159726,0.6046552612457505,282.1528032567612,2024,A,3
11,Nyarugenge,0.5403636461824263,0.6488229464564889,277.8044768670742,2024,A,3
44,Burera,0.5647083938351051,0.732873517050713,380.55026643328466,2024,A,3
42,Gakenke,0.6321020656453383,0.7683454722466453,352.5000660581111,2024,A,3
45,Gicumbi,0.5942181040655357,0.7547543699827187,339.18784034971276,2024,A,3
43,Musanze,0.6024268045590162,0.7714233516727049,457.93817288715115,2024,A,3
41,Rulindo,0.6177170012911751,0.7474214399389146,335.20984500224847,2024,A,3
22,Gisagara,0.5677636170233293,0.7444163478196862,357.50062310699883,2024,A,3
24,Huye,0.5548076358601239,0.71331379274838,334.5880843135414,2024,A,3
28,Kamonyi,0.5925404139652196,0.7109704077384216,270.47280043075375,2024,A,3
27,Muhanga,0.6078793011350203,0.7227287015210032,305.96704328501175,2024,A,3
25,Nyamagabe,0.5546991340436589,0.7439304652412203,348.4268834082205,2024,A,3
21,Nyanza,0.5669326759555964,0.7300622055774775,292.975480982373,2024,A,3
23,Nyaruguru,0.5536625661473594,0.7461182505664538,390.4960430878312,2024,A,3
26,Ruhango,0.5763528048508203,0.7077961908770583,265.8898351056826,2024,A,3
31,Karongi,0.6219515980344911,0.7563973630109124,290.1555825313322,2024,A,3
35,Ngororero,0.6020123522384031,0.7464056343371854,348.5401589771219,2024,A,3
34,Nyabihu,0.6109667788100327,0.7906572609279434,434.68228252783763,2024,A,3
37,Nyamasheke,0.6031170897831466,0.8025998658857121,368.37823922734907,2024,A,3
33,Rubavu,0.5554003576302639,0.7500207518400998,363.1262979283083,2024,A,3
36,Rusizi,0.6144100557194861,0.8155060596989182,369.8740990520494,2024,A,3
32,Rutsiro,0.5497587984712988,0.7327279354816444,310.10642251930034,2024,A,3
57,Bugesera,0.522585111390006,0.6996391975287181,357.4882919525143,2024,A,4
53,Gatsibo,0.6254289578498149,0.7810159906976457,456.9958853650582,2024,A,4
54,Kayonza,0.5319577211888136,0.734379223174264,439.00015110176855,2024,A,4
55,Kirehe,0.5807360722087365,0.7772752944177628,407.2769453627892,2024,A,4
56,Ngoma,0.563025398787173,0.7422149092823441,388.65269709127995,2024,A,4
52,Nyagatare,0.6570722126053973,0.8047277651487275,462.7738664448768,2024,A,4
51,Rwamagana,0.5779435262660358,0.7418632264805216,394.7818110513586,2024,A,4
12,Gasabo,0.5681691437376702,0.686597685437078,409.6189584886904,2024,A,4
13,Kicukiro,0.503861757507416,0.6343401653121665,382.2197627461581,2024,A,4
11,Nyarugenge,0.5581692434223501,0.670591278716869,378.9187060028395,2024,A,4
44,Burera,0.599342837602893,0.7778234992296406,489.66645304619493,2024,A,4
42,Gakenke,0.6642332953786465,0.7888863877092274,461.61263610237927,2024,A,4
45,Gicumbi,0.6340572721443066,0.7902488783042038,436.87539728226653,2024,A,4
43,Musanze,0.6161842850559012,0.79178866694185,587.5075023777156,2024,A,4
41,Rulindo,0.6467371413619057,0.7643939161208109,438.977906519266,2024,A,4
22,Gisagara,0.5990234525056728,0.7620139538848741,495.989554202206,2024,A,4
24,Huye,0.5833424553014958,0.7434653175880835,455.9478092000573,2024,A,4
28,Kamonyi,0.6078072332970965,0.7201864509443464,371.54592051198193,2024,A,4
27,Muhanga,0.6306914098739336,0.7443735941702908,412.37067473876897,2024,A,4
25,Nyamagabe,0.5899484309246827,0.7703486426559908,474.2802043625613,2024,A,4
21,Nyanza,0.5937859602046694,0.7405394778132847,406.06498599809646,2024,A,4
23,Nyaruguru,0.5820652891497634,0.7693794808849709,538.1679684795267,2024,A,4
26,Ruhango,0.59749473026664,0.7155018479213964,371.5530014227992,2024,A,4
31,Karongi,0.6396075782703813,0.774374836474635,400.1874907785119,2024,A,4
35,Ngororero,0.628149888440139,0.763753347482229,452.4676195654954,2024,A,4
34,Nyabihu,0.6285511511612382,0.81633097645107,551.9005802748488,2024,A,4
37,Nyamasheke,0.6225381683709847,0.8221780676464295,494.06416142033754,2024,A,4
33,Rubavu,0.5689086759512032,0.794935633656076,465.8679831740447,2024,A,4
36,Rusizi,0.6290740862587569,0.82988399771833,512.0367762563798,2024,A,4
32,Rutsiro,0.5558669654041047,0.7749507552703525,408.40781615282356,2024,A,4
57,Bugesera,0.4399889657414226,0.5396086980836129,162.6796241933643,2025,A,2
53,Gatsibo,0.5106030285515772,0.6166160408465895,180.37800710598427,2025,A,2
54,Kayonza,0.40986873653605344,0.4998928391057075,155.06171095911745,2025,A,2
55,Kirehe,0.4557254442700401,0.537618785444679,146.9493542511729,2025,A,2
56,Ngoma,0.48836558961573007,0.5919810960476942,165.67155537525832,2025,A,2
52,Nyagatare,0.5188867206451816,0.6516926038543076,194.35576974489874,2025,A,2
51,Rwamagana,0.47904402140805785,0.5734907786071556,160.10465115939806,2025,A,2
12,Gasabo,0.4588320632436869,0.557628081918597,181.86816975161562,2025,A,2
13,Kicukiro,0.4302755055663368,0.5159030946787873,168.7163478295192,2025,A,2
11,Nyarugenge,0.4813558556661219,0.5652363205621059,176.02402838813768,2025,A,2
44,Burera,0.5654028242068686,0.6900762840132668,277.8953629818141,2025,A,2
42,Gakenke,0.5818223650400516,0.6926622960247298,235.71385893321667,2025,A,2
45,Gicumbi,0.5782492681459427,0.7015596856524958,230.74832230989787,2025,A,2
43,Musanze,0.5838926864133499,0.7218310489456276,314.7274869976175,2025,A,2
41,Rulindo,0.5268274598491772,0.6350822570682187,217.5239765757806,2025,A,2
22,Gisagara,0.5101512551751647,0.6241822031877892,215.4206509079011,2025,A,2
24,Huye,0.5286964796185756,0.6386398983607616,221.76803701213888,2025,A,2
28,Kamonyi,0.4889064268816393,0.5658180787080971,175.26142674115093,2025,A,2
27,Muhanga,0.5315332491883334,0.6314096764618493,204.66473861725473,2025,A,2
25,Nyamagabe,0.5388889544756398,0.6772805018315236,232.2543245143876,2025,A,2
21,Nyanza,0.4967882204051469,0.6242743396094041,201.7236819279002,2025,A,2
23,Nyaruguru,0.551440014937007,0.6826830393076545,243.50665713511142,2025,A,2
26,Ruhango,0.4779283805586826,0.5910985767235744,186.96347607502724,2025,A,2
31,Karongi,0.5451436173545424,0.6666802363553204,212.19443309154056,2025,A,2
35,Ngororero,0.5300745835872552,0.6479874606966779,220.63761876222662,2025,A,2
34,Nyabihu,0.5638027409481967,0.7265162161673441,284.8396153284052,2025,A,2
37,Nyamasheke,0.5612202830106431,0.7249884351426665,251.6724336017093,2025,A,2
33,Rubavu,0.5548340382327568,0.7334877505069352,243.4200720615373,2025,A,2
36,Rusizi,0.5753392980750938,0.7492471505843571,229.9492982249405,2025,A,2
32,Rutsiro,0.5621968019873148,0.7039246874699032,214.25386878166577,2025,A,2
57,Bugesera,0.4462489249575059,0.5838341296276546,402.29513416992216,2025,A,3
53,Gatsibo,0.5129402204465172,0.6542519344748923,409.1002727223583,2025,A,3
54,Kayonza,0.4124211117306483,0.5528235149347548,374.6507109283905,2025,A,3
55,Kirehe,0.4612933436719748,0.5986947604445958,372.41879576345264,2025,A,3
56,Ngoma,0.47842162641914987,0.6158700486886977,425.73477018071213,2025,A,3
52,Nyagatare,0.5316491289231791,0.6899613185898027,418.8655111980359,2025,A,3
51,Rwamagana,0.46563525259883437,0.5980460007327297,396.01304002371177,2025,A,3
12,Gasabo,0.44942087885989823,0.575351900538926,434.1192110880569,2025,A,3
13,Kicukiro,0.43883839094211907,0.5544745016560397,411.1625569445171,2025,A,3
11,Nyarugenge,0.4911335400886568,0.601135893464786,422.14336219477974,2025,A,3
44,Burera,0.5487752064774416,0.6986614255729603,599.3412950609214,2025,A,3
42,Gakenke,0.5848339991145646,0.711609784937765,564.6301564813522,2025,A,3
45,Gicumbi,0.5721420418468893,0.7154132831360706,493.2362424854339,2025,A,3
43,Musanze,0.5729664005841621,0.7445342154885536,693.2631024136361,2025,A,3
41,Rulindo,0.5307375063164623,0.6564456954542924,497.93607128549723,2025,A,3
22,Gisagara,0.5303718015667678,0.6747816612497902,562.5779991542237,2025,A,3
24,Huye,0.5485733526716613,0.6775866925097047,532.6192089065806,2025,A,3
28,Kamonyi,0.514304195178977,0.6331578527952361,432.13292323724664,2025,A,3
27,Muhanga,0.5494624126240087,0.6794243345459754,516.9499404746974,2025,A,3
25,Nyamagabe,0.5326142524177475,0.693793921904693,557.6943405048505,2025,A,3
21,Nyanza,0.5189526226535223,0.6633250774670024,493.13248992207605,2025,A,3
23,Nyaruguru,0.5641724342314783,0.7322657849744852,584.0977792237002,2025,A,3
26,Ruhango,0.5011663100857452,0.6469030337062877,442.8889939306649,2025,A,3
31,Karongi,0.5398096256649445,0.6869021178183774,495.92924990110566,2025,A,3
35,Ngororero,0.5459399478145436,0.6852360268070732,569.3774942290853,2025,A,3
34,Nyabihu,0.5627140229341008,0.7463462935637143,658.0982218541079,2025,A,3
37,Nyamasheke,0.5491509884825811,0.7509705648878549,562.8631353429339,2025,A,3
33,Rubavu,0.551858092624245,0.7442238345552833,542.9852448818045,2025,A,3
36,Rusizi,0.5828607909152135,0.7911284089773217,537.028840707541,2025,A,3
32,Rutsiro,0.5533040461683582,0.7251517453012952,515.8696029019628,2025,A,3
57,Bugesera,0.4981344978973495,0.6821001324627894,476.02422109269844,2025,A,4
53,Gatsibo,0.5714518393644905,0.7514153543818642,491.25354849073517,2025,A,4
54,Kayonza,0.4754251448125383,0.6783629800214576,464.0337987112643,2025,A,4
55,Kirehe,0.5268550686766701,0.7273013102013278,476.98688400071484,2025,A,4
56,Ngoma,0.5363738771052007,0.7213722528764104,508.1732460633391,2025,A,4
52,Nyagatare,0.5857397105965076,0.7584182245807309,503.16667526114753,2025,A,4
51,Rwamagana,0.5292277603828492,0.7284225211106055,476.7514834565768,2025,A,4
12,Gasabo,0.5006385097470382,0.6666295853973048,510.9408034349781,2025,A,4
13,Kicukiro,0.47071012518785554,0.6101637144899841,495.71278645788504,2025,A,4
11,Nyarugenge,0.5200654061944094,0.6409962405503327,500.8914255339193,2025,A,4
44,Burera,0.585212232747838,0.7384977999173965,689.7896761211929,2025,A,4
42,Gakenke,0.6274337047560399,0.7619145878607444,648.2324851554572,2025,A,4
45,Gicumbi,0.6163273248790623,0.7637925877693026,568.7365882726224,2025,A,4
43,Musanze,0.6143507142883526,0.7774528886358678,796.6173147118066,2025,A,4
41,Rulindo,0.5799628849886056,0.7327411377782352,576.5158901376096,2025,A,4
22,Gisagara,0.5776519839937977,0.7426792649559273,666.686148750382,2025,A,4
24,Huye,0.5933594568728359,0.7413271023315634,628.3296743947631,2025,A,4
28,Kamonyi,0.55307416616728,0.6879379028014163,507.4842810207495,2025,A,4
27,Muhanga,0.5888196465372558,0.7275948572105749,606.215589153333,2025,A,4
25,Nyamagabe,0.5867375632481511,0.763821280071536,676.9026876969751,2025,A,4
21,Nyanza,0.5656176813268702,0.7339610097524003,576.8364424234665,2025,A,4
23,Nyaruguru,0.6070181033371339,0.7847987991706528,709.4907616531762,2025,A,4
26,Ruhango,0.5477176466348309,0.7118917331163173,524.1301210072692,2025,A,4
31,Karongi,0.5898578845618613,0.7530032615099427,602.3122230185375,2025,A,4
35,Ngororero,0.5899753613308849,0.7332192356356401,667.402975708722,2025,A,4
34,Nyabihu,0.6167222858957687,0.7953768114231952,762.4713837473171,2025,A,4
37,Nyamasheke,0.6050754795371058,0.8105470430876146,683.0354038058504,2025,A,4
33,Rubavu,0.6003095837846074,0.7922159625565254,639.9721378554701,2025,A,4
36,Rusizi,0.6319783989540534,0.8283070540286038,666.58482393507,2025,A,4
32,Rutsiro,0.598205347971146,0.7834610124629693,609.0512967129107,2025,A,4
