district_code,zone_id,crop,season,year,actual_yield_kg_ha,attainable_yield_kg_ha,yield_gap_kg_ha,yield_gap_pct
11.0,3,beans,B,2020,395.4679653569095,1219.168459395855,823.7004940389456,67.56248389554968
12.0,3,beans,A,2021,557.8416362203419,1024.449621601022,466.60798538068013,45.54718704971159
12.0,3,beans,A,2023,543.1236660818237,1024.449621601022,481.3259555191984,46.98385800240489
12.0,3,beans,A,2025,396.91662538576924,1024.449621601022,627.5329962152528,61.2556228225783
12.0,3,beans,B,2021,743.3721240707339,1219.168459395855,475.79633532512116,39.02629957806623
12.0,3,beans,B,2023,753.2615579698407,1219.168459395855,465.9069014260143,38.215137361484004
12.0,3,beans,B,2025,478.1656884756898,1219.168459395855,741.0027709201652,60.77935868578494
13.0,1,beans,B,2025,543.2012017699723,1007.0473574111334,463.8461556411611,46.06001418181499
21.0,1,beans,A,2020,489.1856610915736,1034.7062121999309,545.5205511083573,52.72226499428315
21.0,1,beans,A,2021,508.6877438968085,1034.7062121999309,526.0184683031223,50.83747078165628
21.0,1,beans,A,2023,434.99377053225084,1034.7062121999309,599.71244166768,57.95968310585543
21.0,1,beans,A,2024,371.5167235176715,1034.7062121999309,663.1894886822594,64.09447250463735
21.0,1,beans,A,2025,514.828242661823,1034.7062121999309,519.8779695381079,50.24401742333935
21.0,1,beans,B,2020,643.8040942201189,1007.0473574111334,363.2432631910144,36.07012724057208
21.0,1,beans,B,2021,489.6727471008479,1007.0473574111334,517.3746103102854,51.375400223513424
21.0,1,beans,B,2023,517.4754767311985,1007.0473574111334,489.5718806799349,48.61458372111731
21.0,1,beans,B,2024,518.9151829107354,1007.0473574111334,488.1321745003979,48.47162061526715
21.0,1,beans,B,2025,418.7590879606531,1007.0473574111334,588.2882694504802,58.41714047716903
22.0,1,beans,A,2020,403.9809923052138,1034.7062121999309,630.725219894717,60.9569375788038
22.0,1,beans,A,2021,331.3385176775941,1034.7062121999309,703.3676945223367,67.97752697617211
22.0,1,beans,A,2022,403.187058914935,1034.7062121999309,631.5191532849958,61.033667899054876
22.0,1,beans,A,2023,290.1344118082574,1034.7062121999309,744.5718003916734,71.95973036719371
22.0,1,beans,A,2024,320.8549530700469,1034.7062121999309,713.8512591298839,68.99071936681774
22.0,1,beans,B,2020,605.1067768391038,1007.0473574111334,401.9405805720296,39.91277844224905
22.0,1,beans,B,2021,593.0309052305629,1007.0473574111334,414.01645218057047,41.111914860181265
22.0,1,beans,B,2022,646.909664003389,1007.0473574111334,360.13769340774434,35.76174355231597
22.0,1,beans,B,2023,850.65130658168,1007.0473574111334,156.39605082945332,15.530158505306883
22.0,1,beans,B,2024,608.0802456429035,1007.0473574111334,398.96711176822987,39.61751240714979
22.0,1,beans,B,2025,380.1343322156419,1007.0473574111334,626.9130251954914,62.252586294166726
23.0,2,beans,A,2020,579.7426625557179,1021.1626624302658,441.4199998745479,43.227197401049914
23.0,2,beans,A,2021,466.6503895238207,1021.1626624302658,554.5122729064451,54.30205130951037
23.0,2,beans,A,2022,610.2253771732477,1021.1626624302658,410.93728525701806,40.2420985780099
23.0,2,beans,A,2023,680.2276416302495,1021.1626624302658,340.9350208000162,33.38694542440719
23.0,2,beans,A,2024,610.2452718668352,1021.1626624302658,410.91739056343056,40.24015033858445
23.0,2,beans,A,2025,648.6858399732744,1021.1626624302658,372.4768224569914,36.47575809034513
23.0,2,beans,B,2020,676.3119637607537,1145.1710692509864,468.85910549023276,40.942276492969384
23.0,2,beans,B,2021,667.2050841028863,1145.1710692509864,477.9659851481001,41.73751834830405
23.0,2,beans,B,2022,506.5332129125367,1145.1710692509864,638.6378563384496,55.76789996591154
23.0,2,beans,B,2023,590.6125593605717,1145.1710692509864,554.5585098904147,48.425822550086835
23.0,2,beans,B,2024,897.9584895621854,1145.1710692509864,247.21257968880104,21.587393039058657
23.0,2,beans,B,2025,636.2319370273411,1145.1710692509864,508.9391322236453,44.44219260241383
24.0,1,beans,A,2020,821.1798786620533,1034.7062121999309,213.52633353787758,20.63642133585828
24.0,1,beans,A,2021,508.24320681169667,1034.7062121999309,526.4630053882343,50.88043341973369
24.0,1,beans,A,2023,420.0460704751517,1034.7062121999309,614.6601417247791,59.40431539672747
24.0,1,beans,A,2024,404.02341332299517,1034.7062121999309,630.6827988769357,60.95283776599886
24.0,1,beans,A,2025,603.9523302942964,1034.7062121999309,430.75388190563444,41.63054950542832
24.0,1,beans,B,2020,411.7721534803894,1007.0473574111334,595.2752039307439,59.11094444069119
24.0,1,beans,B,2021,503.38413045434214,1007.0473574111334,503.6632269567912,50.013857168701904
24.0,1,beans,B,2023,535.6666099310996,1007.0473574111334,471.38074748003373,46.80820062840298
24.0,1,beans,B,2024,570.2137262663175,1007.0473574111334,436.83363114481585,43.37766520412762
24.0,1,beans,B,2025,367.3017268934273,1007.0473574111334,639.7456305177061,63.526866518207434
25.0,2,beans,A,2020,420.3821582192654,1021.1626624302658,600.7805042110003,58.83298776134278
25.0,2,beans,A,2021,441.6240324761577,1021.1626624302658,579.538629954108,56.75282217769926
25.0,2,beans,A,2022,561.4026592578149,1021.1626624302658,459.76000317245087,45.02318975101065
25.0,2,beans,A,2023,425.8680595566155,1021.1626624302658,595.2946028736503,58.29576665649998
25.0,2,beans,A,2024,590.0856226287689,1021.1626624302658,431.0770398014969,42.21433623273851
25.0,2,beans,A,2025,521.194830146367,1021.1626624302658,499.9678322838987,48.96064561291586
25.0,2,beans,B,2020,428.07016360166745,1145.1710692509864,717.100905649319,62.619544354918766
25.0,2,beans,B,2021,441.1102969548753,1145.1710692509864,704.060772296111,61.48083820844435
25.0,2,beans,B,2022,403.271101532528,1145.1710692509864,741.8999677184584,64.78507776167515
25.0,2,beans,B,2023,506.0788012899783,1145.1710692509864,639.0922679610081,55.80758064199216
25.0,2,beans,B,2024,576.5471477427519,1145.1710692509864,568.6239215082345,49.654059273445505
25.0,2,beans,B,2025,572.8304143923003,1145.1710692509864,572.3406548586861,49.97861631564206
26.0,1,beans,A,2020,495.57931093779325,1034.7062121999309,539.1269012621376,52.10434564956154
26.0,1,beans,A,2021,411.2960655400498,1034.7062121999309,623.4101466598811,60.24996654213793
26.0,1,beans,A,2022,684.7895939402856,1034.7062121999309,349.91661825964525,33.8179682439205
26.0,1,beans,A,2024,385.79290014437305,1034.7062121999309,648.9133120555578,62.71474012665652
26.0,1,beans,A,2025,365.83832847528817,1034.7062121999309,668.8678837246428,64.64326548330425
26.0,1,beans,B,2020,622.1185189965653,1007.0473574111334,384.9288384145681,38.22350911124217
26.0,1,beans,B,2021,489.56745063007,1007.0473574111334,517.4799067810634,51.38585618370269
26.0,1,beans,B,2023,751.6845966664911,1007.0473574111334,255.3627607446423,25.357572200091568
26.0,1,beans,B,2025,499.1640851203819,1007.0473574111334,507.88327229075145,50.43290849760951
27.0,4,beans,A,2020,447.9236478638276,1352.46595180856,904.5423039447323,66.88096678035775
27.0,4,beans,A,2021,447.27803476914715,1352.46595180856,905.1879170394129,66.9287027765074
27.0,4,beans,A,2025,654.8435814011353,1352.46595180856,697.6223704074247,51.581510756299785
27.0,4,beans,B,2021,563.7786764156778,1464.415131029013,900.6364546133353,61.50144419639242
27.0,4,beans,B,2025,586.8725619939838,1464.415131029013,877.5425690350293,59.924440170076565
28.0,1,beans,A,2020,424.7185172425853,1034.7062121999309,609.9876949573456,58.95274308447671
28.0,1,beans,A,2021,391.19809944028964,1034.7062121999309,643.5081127596412,62.19235036691744
28.0,1,beans,A,2025,448.8873999997824,1034.7062121999309,585.8188122001484,56.61692230054513
28.0,1,beans,B,2020,526.9222915356318,1007.0473574111334,480.1250658755016,47.676513159200674
28.0,1,beans,B,2021,452.2834175611935,1007.0473574111334,554.7639398499398,55.088167976141555
28.0,1,beans,B,2023,693.6588092537264,1007.0473574111334,313.38854815740694,31.11954426483482
28.0,1,beans,B,2024,462.65023021580174,1007.0473574111334,544.3971271953317,54.0587414473576
28.0,1,beans,B,2025,333.0892004326192,1007.0473574111334,673.9581569785141,66.92417710236505
31.0,4,beans,A,2020,747.3422583504642,1352.46595180856,605.1236934580958,44.74224971422795
31.0,4,beans,A,2022,761.3897839272353,1352.46595180856,591.0761678813247,43.70358951298694
31.0,4,beans,A,2023,804.3140764560447,1352.46595180856,548.1518753525153,40.529809613285224
31.0,4,beans,A,2024,733.8491395871204,1352.46595180856,618.6168122214397,45.739917621896936
31.0,4,beans,B,2020,684.470960651498,1464.415131029013,779.9441703775151,53.25977271413913
31.0,4,beans,B,2021,500.9892064533508,1464.415131029013,963.4259245756623,65.78912660501422
31.0,4,beans,B,2022,830.9060370638459,1464.415131029013,633.5090939651672,43.260212254158695
31.0,4,beans,B,2023,759.7565767598445,1464.415131029013,704.6585542691686,48.118770377223576
31.0,4,beans,B,2024,1012.8103713665905,1464.415131029013,451.60475966242257,30.838575079806063
31.0,4,beans,B,2025,778.3580741525152,1464.415131029013,686.0570568764979,46.84853647984505
32.0,2,beans,B,2020,808.9269975287929,1145.1710692509864,336.24407172219355,29.361907644254252
32.0,2,beans,B,2021,576.7783647080919,1145.1710692509864,568.3927045428945,49.63386866860503
32.0,2,beans,B,2023,562.6499655702936,1145.1710692509864,582.5211036806928,50.867605663640994
32.0,2,beans,B,2025,768.8380593267212,1145.1710692509864,376.3330099242652,32.862601931640704
33.0,0,beans,A,2020,667.9757689057253,1528.1373165058644,860.1615476001391,56.28823655500583
33.0,0,beans,A,2021,570.0130953980276,1528.1373165058644,958.1242211078368,62.698830187500356
33.0,0,beans,A,2022,619.6150208082445,1528.1373165058644,908.5222956976199,59.45292257995411
33.0,0,beans,A,2023,796.3130123203575,1528.1373165058644,731.8243041855069,47.88995702682315
33.0,0,beans,A,2024,845.3670323505708,1528.1373165058644,682.7702841552937,44.67990387908791
33.0,0,beans,A,2025,671.9563082972529,1528.1373165058644,856.1810082086115,56.02775345911303
33.0,0,beans,B,2020,702.7714628133276,1639.372784053174,936.6013212398464,57.13168660298238
33.0,0,beans,B,2021,478.9420781178559,1639.372784053174,1160.4307059353182,70.78504152461757
33.0,0,beans,B,2022,579.7526250279614,1639.372784053174,1059.6201590252126,64.63570515093066
33.0,0,beans,B,2023,497.4042138184814,1639.372784053174,1141.9685702346926,69.65887084030378
33.0,0,beans,B,2024,765.1801260571068,1639.372784053174,874.1926579960672,53.324824377937965
33.0,0,beans,B,2025,631.8988678932108,1639.372784053174,1007.4739161599632,61.454839677714524
34.0,0,beans,A,2020,695.6480124251204,1528.1373165058644,832.489304080744,54.477388588628784
34.0,0,beans,A,2021,463.84104623345996,1528.1373165058644,1064.2962702724044,69.64663834700093
34.0,0,beans,A,2022,595.4296850193938,1528.1373165058644,932.7076314864706,61.03559028446062
34.0,0,beans,A,2023,1098.029163536528,1528.1373165058644,430.1081529693365,28.145909946940684
34.0,0,beans,A,2024,853.8626205470827,1528.1373165058644,674.2746959587818,44.12395984809354
34.0,0,beans,A,2025,904.420727056187,1528.1373165058644,623.7165894496774,40.815480566617246
34.0,0,beans,B,2025,1012.147716281873,1639.372784053174,627.2250677713009,38.2600634750416
35.0,4,beans,A,2020,520.4495994183198,1352.46595180856,832.0163523902402,61.51846937644838
35.0,4,beans,A,2021,619.1342729651026,1352.46595180856,733.3316788434574,54.22182184052938
35.0,4,beans,A,2022,816.7576201174022,1352.46595180856,535.7083316911578,39.60974625459456
35.0,4,beans,A,2023,702.8239283197457,1352.46595180856,649.6420234888143,48.03389117634293
35.0,4,beans,A,2024,750.8095886080445,1352.46595180856,601.6563632005156,44.485878731066144
35.0,4,beans,A,2025,752.002274491179,1352.46595180856,600.463677317381,44.39769271192536
35.0,4,beans,B,2021,449.1028781371135,1464.415131029013,1015.3122528918996,69.33227002226215
35.0,4,beans,B,2022,548.3912707002257,1464.415131029013,916.0238603287874,62.55219854803856
35.0,4,beans,B,2024,736.8435718128505,1464.415131029013,727.5715592161625,49.68342267161045
35.0,4,beans,B,2025,720.1061634330072,1464.415131029013,744.3089675960059,50.8263641794657
36.0,2,beans,A,2025,767.2628779845055,1021.1626624302658,253.89978444576025,24.863794357845396
36.0,2,beans,B,2020,630.8916389556109,1145.1710692509864,514.2794302953755,44.908524508198276
36.0,2,beans,B,2021,493.65953941446367,1145.1710692509864,651.5115298365228,56.892070305500475
36.0,2,beans,B,2022,552.446503595374,1145.1710692509864,592.7245656556124,51.75860459374785
36.0,2,beans,B,2023,654.4318578594581,1145.1710692509864,490.73921139152833,42.85291731238919
36.0,2,beans,B,2024,702.8129702617878,1145.1710692509864,442.35809898919865,38.62812385563744
36.0,2,beans,B,2025,704.1725107377937,1145.1710692509864,440.99855851319273,38.509404433490744
37.0,2,beans,A,2025,954.5175620014845,1021.1626624302658,66.64510042878123,6.5263941662509
37.0,2,beans,B,2020,616.406456270704,1145.1710692509864,528.7646129802824,46.17341698355404
37.0,2,beans,B,2021,459.0727527985817,1145.1710692509864,686.0983164524048,59.91229912061576
37.0,2,beans,B,2022,751.5243369886863,1145.1710692509864,393.64673226230013,34.374491535117954
37.0,2,beans,B,2023,665.0696785492237,1145.1710692509864,480.10139070176274,41.92398879023194
37.0,2,beans,B,2024,603.5605149607999,1145.1710692509864,541.6105542901865,47.29516565978511
37.0,2,beans,B,2025,585.4088235683117,1145.1710692509864,559.7622456826747,48.88022940090464
41.0,4,beans,A,2020,563.366221250828,1352.46595180856,789.0997305577321,58.34525664047388
41.0,4,beans,A,2021,406.9625297188873,1352.46595180856,945.5034220896728,69.90959150027517
41.0,4,beans,A,2022,527.4204177691764,1352.46595180856,825.0455340393836,61.00305393537684
41.0,4,beans,A,2023,514.0571902696358,1352.46595180856,838.4087615389242,61.991117810971694
41.0,4,beans,A,2024,811.0935209536116,1352.46595180856,541.3724308549484,40.02854416638054
41.0,4,beans,A,2025,730.5672881458955,1352.46595180856,621.8986636626645,45.98257448411489
41.0,4,beans,B,2020,692.3544124532317,1464.415131029013,772.0607185757814,52.72143821904318
41.0,4,beans,B,2021,699.9808459995529,1464.415131029013,764.4342850294602,52.200654638982634
41.0,4,beans,B,2022,870.0964805743428,1464.415131029013,594.3186504546703,40.58402824867395
41.0,4,beans,B,2023,803.7400829182644,1464.415131029013,660.6750481107487,45.115284191751456
41.0,4,beans,B,2024,973.7996319884554,1464.415131029013,490.61549904055767,33.502487692531055
41.0,4,beans,B,2025,853.4061688413839,1464.415131029013,611.0089621876292,41.723753684400016
42.0,4,beans,A,2020,453.1014753227639,1352.46595180856,899.3644764857961,66.49812331934402
42.0,4,beans,A,2021,679.0400328452753,1352.46595180856,673.4259189632847,49.7924489753519
42.0,4,beans,A,2022,648.1837391801954,1352.46595180856,704.2822126283646,52.07393292870525
42.0,4,beans,A,2023,506.0932314127646,1352.46595180856,846.3727203957953,62.57996508259591
42.0,4,beans,A,2024,679.1337830985763,1352.46595180856,673.3321687099838,49.78551717398747
42.0,4,beans,A,2025,885.8088378333373,1352.46595180856,466.6571139752227,34.50416724733027
42.0,4,beans,B,2020,812.8980119838817,1464.415131029013,651.5171190451314,44.48991991685611
42.0,4,beans,B,2021,790.5863501907878,1464.415131029013,673.8287808382253,46.013508503202935
42.0,4,beans,B,2022,1086.5063887263952,1464.415131029013,377.90874230261784,25.806121112465526
42.0,4,beans,B,2023,925.7772432824191,1464.415131029013,538.637887746594,36.78177562725023
42.0,4,beans,B,2024,992.3750803530803,1464.415131029013,472.0400506759328,32.23403259595115
42.0,4,beans,B,2025,881.4090820444385,1464.415131029013,583.0060489845746,39.81152861858978
43.0,0,beans,A,2020,815.0589056054384,1528.1373165058644,713.078410900426,46.66324179105206
43.0,0,beans,A,2021,783.568874727607,1528.1373165058644,744.5684417782575,48.723922499369195
43.0,0,beans,A,2022,990.1275329514121,1528.1373165058644,538.0097835544523,35.20690043644959
43.0,0,beans,A,2023,835.7690223799259,1528.1373165058644,692.3682941259385,45.30798944881872
43.0,0,beans,A,2024,879.089061632835,1528.1373165058644,649.0482548730295,42.47316310271771
43.0,0,beans,A,2025,1034.861423318537,1528.1373165058644,493.2758931873275,32.27955288175403
43.0,0,beans,B,2020,981.2169649921904,1639.372784053174,658.1558190609836,40.14680647764346
43.0,0,beans,B,2021,951.3544976734252,1639.372784053174,688.0182863797488,41.96838529176367
43.0,0,beans,B,2022,910.5000811157668,1639.372784053174,728.8727029374072,44.46046134396274
43.0,0,beans,B,2023,1224.2942485024867,1639.372784053174,415.0785355506873,25.319350155640013
43.0,0,beans,B,2024,1151.045341355653,1639.372784053174,488.32744269752106,29.78745575427839
43.0,0,beans,B,2025,1034.8128579681936,1639.372784053174,604.5599260849804,36.877513886150446
44.0,0,beans,A,2020,815.3762934156711,1528.1373165058644,712.7610230901934,46.64247220399961
44.0,0,beans,A,2021,583.8590446808932,1528.1373165058644,944.2782718249712,61.792763099594616
44.0,0,beans,A,2022,783.1740636695346,1528.1373165058644,744.9632528363298,48.749758597592034
44.0,0,beans,A,2023,1164.0278202576249,1528.1373165058644,364.10949624823957,23.827014255550523
44.0,0,beans,A,2024,882.7954390427395,1528.1373165058644,645.3418774631249,42.23062093259525
44.0,0,beans,A,2025,1024.944008381124,1528.1373165058644,503.1933081247405,32.92854003953705
44.0,0,beans,B,2020,890.3783860541465,1639.372784053174,748.9943979990275,45.68786338804642
44.0,0,beans,B,2021,1013.0877910987398,1639.372784053174,626.2849929544342,38.20271990889171
44.0,0,beans,B,2022,1199.6608433369024,1639.372784053174,439.71194071627156,26.82196172789515
44.0,0,beans,B,2023,1252.9047621096956,1639.372784053174,386.46802194347833,23.574139189256115
44.0,0,beans,B,2024,1182.5669602877256,1639.372784053174,456.8058237654484,27.86467045256448
44.0,0,beans,B,2025,1135.2257195346212,1639.372784053174,504.1470645185527,30.752435896373914
45.0,4,beans,A,2020,597.3695054639635,1352.46595180856,755.0964463445965,55.83108730647584
45.0,4,beans,A,2021,832.7952464200988,1352.46595180856,519.6707053884612,38.42393996636597
45.0,4,beans,A,2022,764.7666453561189,1352.46595180856,587.6993064524411,43.45390770588724
45.0,4,beans,A,2023,729.6711427819811,1352.46595180856,622.794809026579,46.04883458942224
45.0,4,beans,A,2024,802.6394796510332,1352.46595180856,549.8264721575268,40.65362765120124
45.0,4,beans,A,2025,806.3633792628747,1352.46595180856,546.1025725456853,40.378286182762665
45.0,4,beans,B,2020,965.756511297383,1464.415131029013,498.6586197316301,34.05172544080676
45.0,4,beans,B,2021,844.2429556221043,1464.415131029013,620.1721754069088,42.34947879643439
45.0,4,beans,B,2022,983.2769502472865,1464.415131029013,481.13818078172653,32.85531340034988
45.0,4,beans,B,2023,1032.6743570477004,1464.415131029013,431.7407739813127,29.48213008956946
45.0,4,beans,B,2024,884.1299463180432,1464.415131029013,580.2851847109699,39.625729918757116
45.0,4,beans,B,2025,894.8435892473964,1464.415131029013,569.5715417816167,38.89413115947464
51.0,3,beans,A,2020,370.05768681000785,1024.449621601022,654.3919347910141,63.87741485699635
51.0,3,beans,A,2023,442.7211935277576,1024.449621601022,581.7284280732645,56.78448366881451
51.0,3,beans,A,2025,512.9031030731747,1024.449621601022,511.5465185278473,49.93378959215157
51.0,3,beans,B,2021,457.24464844796006,1219.168459395855,761.9238109478949,62.495367647999814
51.0,3,beans,B,2023,664.6152910464535,1219.168459395855,554.5531683494015,45.48618068943516
51.0,3,beans,B,2025,432.1697713259053,1219.168459395855,786.9986880699498,64.55208728578313
52.0,1,beans,A,2022,579.5546599128365,1034.7062121999309,455.1515522870943,43.98848165020466
52.0,1,beans,B,2020,675.4446425123492,1007.0473574111334,331.60271489878414,32.92821459273293
52.0,1,beans,B,2021,642.976378830537,1007.0473574111334,364.0709785805964,36.15231954101262
52.0,1,beans,B,2022,838.4882558678447,1007.0473574111334,168.55910154328865,16.737951825484345
52.0,1,beans,B,2023,1064.5154374318447,1007.0473574111334,-57.46808002071134,-5.706591611386319
52.0,1,beans,B,2025,729.341388222946,1007.0473574111334,277.7059691881874,27.576257178421077
53.0,3,beans,A,2023,513.5258711697024,1024.449621601022,510.9237504313196,49.87299908733842
53.0,3,beans,A,2024,742.5147891643456,1024.449621601022,281.9348324366764,27.520614629742873
53.0,3,beans,A,2025,597.8191264192328,1024.449621601022,426.63049518178923,41.644848725215596
53.0,3,beans,B,2020,687.2164164780891,1219.168459395855,531.952042917766,43.63236588169027
53.0,3,beans,B,2021,534.763722020416,1219.168459395855,684.404737375439,56.137011427820894
53.0,3,beans,B,2022,453.3610518574898,1219.168459395855,765.8074075383652,62.81391235447907
53.0,3,beans,B,2023,560.5773063672456,1219.168459395855,658.5911530286095,54.01970071920715
53.0,3,beans,B,2024,652.6724766424402,1219.168459395855,566.4959827534149,46.4657675801534
53.0,3,beans,B,2025,534.4560990772308,1219.168459395855,684.7123603186243,56.16224362119125
54.0,1,beans,B,2021,368.8230421540028,1007.0473574111334,638.2243152571306,63.37579961461252
54.0,1,beans,B,2023,664.9715491924494,1007.0473574111334,342.07580821868396,33.9681948124143
54.0,1,beans,B,2024,814.0257437462234,1007.0473574111334,193.02161366490998,19.167084074488834
54.0,1,beans,B,2025,544.0481901744342,1007.0473574111334,462.9991672366991,45.97590806721881
55.0,1,beans,A,2020,510.43825933533907,1034.7062121999309,524.2679528645917,50.668290833001215
55.0,1,beans,A,2021,401.7873114427177,1034.7062121999309,632.9189007572131,61.168947600260225
55.0,1,beans,A,2024,508.7597564613849,1034.7062121999309,525.946455738546,50.83051107041388
55.0,1,beans,A,2025,598.4438230793397,1034.7062121999309,436.26238912059114,42.162923540686585
55.0,1,beans,B,2020,549.0061141973023,1007.0473574111334,458.0412432138311,45.48358523985808
55.0,1,beans,B,2021,584.0520418273522,1007.0473574111334,422.9953155837811,42.00351775622511
55.0,1,beans,B,2022,420.5472495489038,1007.0473574111334,586.5001078622296,58.23957568092671
55.0,1,beans,B,2023,606.5494001619927,1007.0473574111334,400.49795724914065,39.769525663492196
55.0,1,beans,B,2024,505.33440297213457,1007.0473574111334,501.7129544389988,49.82019472537788
55.0,1,beans,B,2025,505.4309223758031,1007.0473574111334,501.61643503533026,49.810610329673125
56.0,3,beans,A,2021,365.19559459502426,1024.449621601022,659.2540270059978,64.352020158464
56.0,3,beans,A,2023,618.3906215259053,1024.449621601022,406.0590000751167,39.636795359494876
56.0,3,beans,A,2024,619.6409017059796,1024.449621601022,404.8087198950425,39.51475127321562
56.0,3,beans,A,2025,602.2877163648919,1024.449621601022,422.1619052361301,41.208654514057066
56.0,3,beans,B,2020,734.2013954085942,1219.168459395855,484.9670639872609,39.77851134925035
56.0,3,beans,B,2021,730.9308886678668,1219.168459395855,488.2375707279882,40.04676851383842
56.0,3,beans,B,2022,837.0733891924278,1219.168459395855,382.0950702034272,31.340629529800175
56.0,3,beans,B,2023,841.5746343384426,1219.168459395855,377.59382505741246,30.97142336215987
56.0,3,beans,B,2024,755.1151177505078,1219.168459395855,464.05334164534725,38.06310260645223
56.0,3,beans,B,2025,678.8025136728012,1219.168459395855,540.3659457230539,44.322500435323434
57.0,1,beans,A,2021,546.0131227350576,1034.7062121999309,488.6930894648733,47.23013003138766
57.0,1,beans,A,2025,386.9859136238421,1034.7062121999309,647.7202985760887,62.59944039564084
57.0,1,beans,B,2020,437.19428391997576,1007.0473574111334,569.8530734911576,56.586521904601106
57.0,1,beans,B,2021,362.2824083177672,1007.0473574111334,644.7649490933661,64.02528583669545
57.0,1,beans,B,2023,449.52151333712766,1007.0473574111334,557.5258440740057,55.36242560700075
57.0,1,beans,B,2024,541.0099143112012,1007.0473574111334,466.03744309993215,46.27760945602377
57.0,1,beans,B,2025,422.8693428532039,1007.0473574111334,584.1780145579295,58.00899136061535
23.0,2,irish_potato,B,2020,4849.986670020974,10786.30917505822,5936.322505037247,55.03571619070714
23.0,2,irish_potato,B,2022,3898.846808991384,10786.30917505822,6887.462366066837,63.85374509747132
25.0,2,irish_potato,A,2022,5628.649468209202,13364.605515869358,7735.956047660156,57.88390864567122
25.0,2,irish_potato,A,2023,7255.394524880468,13364.605515869358,6109.2109909888895,45.71186918861697
25.0,2,irish_potato,B,2022,7341.36525703778,10786.30917505822,3444.943918020441,31.93811582915104
25.0,2,irish_potato,B,2025,7760.243158458807,10786.30917505822,3026.066016599414,28.054693848353185
32.0,2,irish_potato,A,2020,6302.052650999894,13364.605515869358,7062.552864869464,52.84520262482323
32.0,2,irish_potato,A,2023,7329.190448812168,13364.605515869358,6035.41506705719,45.15969483641426
32.0,2,irish_potato,B,2020,3397.3175028973305,10786.30917505822,7388.99167216089,68.50342922903474
32.0,2,irish_potato,B,2021,3434.5196529251057,10786.30917505822,7351.789522133115,68.15852765590165
32.0,2,irish_potato,B,2022,4085.9127596112453,10786.30917505822,6700.396415446976,62.11945445566008
32.0,2,irish_potato,B,2023,3731.572307413335,10786.30917505822,7054.736867644886,65.404548981017
32.0,2,irish_potato,B,2025,4583.2586667522655,10786.30917505822,6203.050508305955,57.50855466529378
33.0,0,irish_potato,A,2020,10756.55909732455,19792.25255462889,9035.693457304338,45.65267865476548
33.0,0,irish_potato,A,2021,15293.875982924377,19792.25255462889,4498.376571704512,22.727966709642956
33.0,0,irish_potato,A,2022,11938.772635123783,19792.25255462889,7853.4799195051055,39.679566021242906
33.0,0,irish_potato,A,2023,11902.382930367843,19792.25255462889,7889.869624261046,39.86342434992733
33.0,0,irish_potato,A,2024,13228.056782870533,19792.25255462889,6564.1957717583555,33.165481056996526
33.0,0,irish_potato,A,2025,16090.694511781741,19792.25255462889,3701.5580428471476,18.702055426134155
33.0,0,irish_potato,B,2020,11600.577615794384,14565.862790371599,2965.285174577215,20.357772260063737
33.0,0,irish_potato,B,2021,12330.521530084508,14565.862790371599,2235.3412602870903,15.346439084711871
33.0,0,irish_potato,B,2022,9542.30407749171,14565.862790371599,5023.558712879889,34.48857637324846
33.0,0,irish_potato,B,2023,9798.304257043046,14565.862790371599,4767.558533328553,32.731041078322036
33.0,0,irish_potato,B,2024,11169.399524782795,14565.862790371599,3396.4632655888036,23.317968282894654
33.0,0,irish_potato,B,2025,7849.107229952399,14565.862790371599,6716.755560419199,46.112994863985286
34.0,0,irish_potato,A,2020,16751.155213506114,19792.25255462889,3041.097341122775,15.365089611346649
34.0,0,irish_potato,A,2021,15159.047058978293,19792.25255462889,4633.205495650596,23.409187422515036
34.0,0,irish_potato,A,2022,12803.829792978458,19792.25255462889,6988.42276165043,35.30888029223345
34.0,0,irish_potato,A,2023,12911.128192193508,19792.25255462889,6881.124362435381,34.76675706033301
34.0,0,irish_potato,A,2024,14080.04615780307,19792.25255462889,5712.206396825819,28.860820066131804
34.0,0,irish_potato,A,2025,14818.97064127214,19792.25255462889,4973.281913356748,25.127417405522284
34.0,0,irish_potato,B,2020,11876.05109857916,14565.862790371599,2689.811691792438,18.46654558335172
34.0,0,irish_potato,B,2021,10410.514791910686,14565.862790371599,4155.347998460913,28.527990811554965
34.0,0,irish_potato,B,2022,10402.830401461308,14565.862790371599,4163.032388910291,28.580746975470344
34.0,0,irish_potato,B,2023,9854.497692382865,14565.862790371599,4711.365097988733,32.345252497524996
34.0,0,irish_potato,B,2024,11076.809925653433,14565.862790371599,3489.0528647181654,23.953629901172192
34.0,0,irish_potato,B,2025,7744.623970945266,14565.862790371599,6821.238819426333,46.830310827418636
41.0,4,irish_potato,B,2025,2468.6001435191624,9435.130293891223,6966.53015037206,73.83607786404966
43.0,0,irish_potato,A,2020,14890.484966837303,19792.25255462889,4901.767587791586,24.76609256203732
43.0,0,irish_potato,A,2021,14182.424111804183,19792.25255462889,5609.828442824706,28.343557295163528
43.0,0,irish_potato,A,2022,12200.153634609402,19792.25255462889,7592.098920019487,38.358943223185044
43.0,0,irish_potato,A,2023,13389.408715245967,19792.25255462889,6402.843839382922,32.3502533211434
43.0,0,irish_potato,B,2020,9787.831168530452,14565.862790371599,4778.031621841146,32.80294267909447
43.0,0,irish_potato,B,2021,8278.001294386866,14565.862790371599,6287.861495984733,43.16847952282763
43.0,0,irish_potato,B,2022,8720.601585824488,14565.862790371599,5845.2612045471105,40.129865897205725
43.0,0,irish_potato,B,2023,7377.831282691873,14565.862790371599,7188.031507679726,49.34847740314563
43.0,0,irish_potato,B,2024,9464.528895518075,14565.862790371599,5101.333894853524,35.022531574481356
43.0,0,irish_potato,B,2025,8428.941658638576,14565.862790371599,6136.921131733023,42.13221846212695
44.0,0,irish_potato,A,2020,9232.294493772588,19792.25255462889,10559.958060856301,53.35399814502975
44.0,0,irish_potato,A,2021,9861.805437073352,19792.25255462889,9930.447117555537,50.17340542793885
44.0,0,irish_potato,A,2022,11521.809444349517,19792.25255462889,8270.443110279371,41.7862650421017
44.0,0,irish_potato,A,2023,9482.99119723539,19792.25255462889,10309.2613573935,52.08735756043308
44.0,0,irish_potato,A,2024,15453.849080272026,19792.25255462889,4338.403474356863,21.919705512964587
44.0,0,irish_potato,A,2025,11266.084712974021,19792.25255462889,8526.167841654868,43.07830964728075
44.0,0,irish_potato,B,2021,11812.765758483083,14565.862790371599,2753.0970318885156,18.901022696083487
44.0,0,irish_potato,B,2022,8208.058163325117,14565.862790371599,6357.804627046482,43.64866481681504
44.0,0,irish_potato,B,2023,9811.00206550645,14565.862790371599,4754.860724865148,32.643865957657034
44.0,0,irish_potato,B,2024,9581.33702057565,14565.862790371599,4984.52576979595,34.22060087707847
44.0,0,irish_potato,B,2025,8008.620565550507,14565.862790371599,6557.242224821091,45.01787720501935
45.0,4,irish_potato,A,2020,10081.218858601806,11558.925580595143,1477.7067219933379,12.784118313505518
45.0,4,irish_potato,A,2021,10089.83662808478,11558.925580595143,1469.088952510363,12.709563205222427
45.0,4,irish_potato,A,2022,8181.696866422896,11558.925580595143,3377.2287141722472,29.217496822039067
45.0,4,irish_potato,A,2023,7060.431712111699,11558.925580595143,4498.493868483444,38.91792396375846
45.0,4,irish_potato,A,2024,9209.876077133718,11558.925580595143,2349.049503461425,20.32238625538826
45.0,4,irish_potato,A,2025,9768.883248828264,11558.925580595143,1790.0423317668792,15.486234592356585
45.0,4,irish_potato,B,2020,8415.73372408734,9435.130293891223,1019.3965698038828,10.804265951302138
45.0,4,irish_potato,B,2021,6233.518602215043,9435.130293891223,3201.6116916761803,33.932882662458454
45.0,4,irish_potato,B,2022,5951.002716602441,9435.130293891223,3484.127577288782,36.92718032250791
45.0,4,irish_potato,B,2023,5356.097391840734,9435.130293891223,4079.0329020504887,43.232396108948905
45.0,4,irish_potato,B,2025,4804.420367435315,9435.130293891223,4630.709926455908,49.079448637334266
53.0,3,irish_potato,B,2025,3141.2022987542796,6296.746850634522,3155.5445518802426,50.11388621351768
54.0,1,irish_potato,B,2025,1996.6427947028467,4061.4123590562294,2064.7695643533825,50.8387078635173
55.0,1,irish_potato,B,2025,1952.7292058096418,4061.4123590562294,2108.6831532465876,51.919947220936535
12.0,3,maize,A,2024,1549.1722748420643,3690.3894249897508,2141.2171501476864,58.021441738594646
23.0,2,maize,A,2020,1368.161249900747,2967.776786367798,1599.6155364670512,53.8994557749334
23.0,2,maize,A,2021,1363.9587481251908,2967.776786367798,1603.8180382426074,54.04106015012968
25.0,2,maize,A,2021,657.412971055317,2967.776786367798,2310.363815312481,77.84830132525191
25.0,2,maize,A,2023,903.018448040632,2967.776786367798,2064.7583383271663,69.57256178468131
25.0,2,maize,A,2024,1454.2387457399388,2967.776786367798,1513.5380406278593,50.99905247524521
28.0,1,maize,A,2024,1625.3716704014887,3568.297196368955,1942.9255259674665,54.44965536908074
31.0,4,maize,A,2020,1363.4935589926474,2888.1625365929567,1524.6689776003093,52.7902761109455
31.0,4,maize,A,2021,1017.6312136155285,2888.1625365929567,1870.5313229774283,64.76544513260029
31.0,4,maize,A,2022,1565.107341228493,2888.1625365929567,1323.0551953644638,45.8095823417617
31.0,4,maize,A,2023,895.5311895708741,2888.1625365929567,1992.6313470220825,68.99304737096637
31.0,4,maize,A,2024,1981.2857225326259,2888.1625365929567,906.8768140603308,31.399784554027732
32.0,2,maize,A,2020,978.5320466852669,2967.776786367798,1989.2447396825314,67.02811171042036
32.0,2,maize,A,2021,1014.8755969947318,2967.776786367798,1952.9011893730662,65.80350646125184
32.0,2,maize,A,2022,969.9944910120529,2967.776786367798,1997.7822953557452,67.31578683856445
32.0,2,maize,A,2023,825.1939523142868,2967.776786367798,2142.5828340535113,72.19487812881557
32.0,2,maize,A,2025,1140.5329146128508,2967.776786367798,1827.2438717549473,61.56945091518402
33.0,0,maize,A,2021,1741.7826407274624,3331.641064824368,1589.8584240969058,47.71997922833614
33.0,0,maize,A,2024,1624.2592080532247,3331.641064824368,1707.3818567711435,51.24747304857554
33.0,0,maize,B,2021,1728.660179854952,2187.3115839888446,458.6514041338926,20.968727431941023
33.0,0,maize,B,2025,1258.5080824070621,2187.3115839888446,928.8035015817825,42.46324613194749
34.0,0,maize,A,2024,1631.5835744888795,3331.641064824368,1700.0574903354886,51.02763044569176
34.0,0,maize,B,2020,1101.4621537925477,2187.3115839888446,1085.849430196297,49.64310700609515
34.0,0,maize,B,2021,900.0783251407416,2187.3115839888446,1287.233258848103,58.85001790648716
34.0,0,maize,B,2023,977.9168641758714,2187.3115839888446,1209.394719812973,55.291378177017016
34.0,0,maize,B,2024,1006.9360604566338,2187.3115839888446,1180.375523532211,53.96467207381785
34.0,0,maize,B,2025,1030.7171243796788,2187.3115839888446,1156.5944596091658,52.8774440768044
35.0,4,maize,B,2020,452.24298558438744,1903.1017453190486,1450.8587597346611,76.23653140475837
35.0,4,maize,B,2021,344.028435260622,1903.1017453190486,1559.0733100584266,81.92275131338567
35.0,4,maize,B,2022,823.7434842437808,1903.1017453190486,1079.3582610752678,56.71574122245981
35.0,4,maize,B,2025,1192.1768376078692,1903.1017453190486,710.9249077111795,37.35611663747359
37.0,2,maize,A,2025,1777.8282856842468,2967.776786367798,1189.9485006835514,40.09561993171007
41.0,4,maize,A,2020,1027.446600047097,2888.1625365929567,1860.7159365458597,64.425596308055
41.0,4,maize,A,2021,1337.5284768771414,2888.1625365929567,1550.6340597158153,53.68929345455166
42.0,4,maize,A,2020,1455.7070719853032,2888.1625365929567,1432.4554646076535,49.5974671251522
42.0,4,maize,A,2021,1636.9973790200759,2888.1625365929567,1251.1651575728808,43.32045519324642
42.0,4,maize,A,2022,1706.9510424741118,2888.1625365929567,1181.211494118845,40.89837324433514
42.0,4,maize,A,2023,1447.6315868719628,2888.1625365929567,1440.530949720994,49.87707344962404
42.0,4,maize,A,2024,1911.6015408383917,2888.1625365929567,976.560995754565,33.8125359421971
42.0,4,maize,A,2025,1698.5248438581411,2888.1625365929567,1189.6376927348156,41.19012270473465
43.0,0,maize,A,2020,1931.8682645166048,3331.641064824368,1399.7728003077634,42.01451396090155
43.0,0,maize,A,2021,1650.271215782895,3331.641064824368,1681.3698490414731,50.46671644173977
43.0,0,maize,A,2022,2297.5594176642253,3331.641064824368,1034.081647160143,31.03820690884226
43.0,0,maize,A,2023,1640.7741017005355,3331.641064824368,1690.8669631238326,50.751774582685094
43.0,0,maize,A,2024,2223.880654494203,3331.641064824368,1107.760410330165,33.24969253218645
43.0,0,maize,A,2025,1899.1350712762676,3331.641064824368,1432.5059935481006,42.99700855150845
43.0,0,maize,B,2021,1234.1743840985232,2187.3115839888446,953.1371998903214,43.57573959134587
44.0,0,maize,A,2020,1776.8533717919743,3331.641064824368,1554.787693032394,46.667322883245724
44.0,0,maize,A,2021,1387.240259319168,3331.641064824368,1944.4008055052002,58.361653241529545
44.0,0,maize,A,2022,1419.7002876275444,3331.641064824368,1911.9407771968238,57.38735776141042
44.0,0,maize,A,2023,1322.9212323770632,3331.641064824368,2008.719832447305,60.29220415294638
44.0,0,maize,A,2024,2010.701557468843,3331.641064824368,1320.9395073555252,39.648313898579
44.0,0,maize,A,2025,2164.7506385083298,3331.641064824368,1166.8904263160384,35.02449404397507
45.0,4,maize,A,2020,1000.2372581132406,2888.1625365929567,1887.925278479716,65.36769501576673
45.0,4,maize,A,2022,1564.6704583630165,2888.1625365929567,1323.4920782299403,45.824709013475676
45.0,4,maize,A,2023,1102.1045200661476,2888.1625365929567,1786.058016526809,61.840633755804696
45.0,4,maize,A,2024,1784.7507697937483,2888.1625365929567,1103.4117667992084,38.20462847291332
51.0,3,maize,A,2020,1984.5264389537363,3690.3894249897508,1705.8629860360145,46.224470905011664
51.0,3,maize,A,2021,1587.4512606691612,3690.3894249897508,2102.9381643205897,56.98418031659166
51.0,3,maize,A,2023,1214.2830564019182,3690.3894249897508,2476.1063685878325,67.09607262097303
51.0,3,maize,A,2024,1260.7367853041037,3690.3894249897508,2429.652639685647,65.8372968238276
51.0,3,maize,A,2025,1815.4691881368212,3690.3894249897508,1874.9202368529295,50.80548475878361
52.0,1,maize,A,2020,2801.0314669246513,3568.297196368955,767.2657294443038,21.50229331304191
52.0,1,maize,A,2021,1874.1628679883943,3568.297196368955,1694.1343283805609,47.47738865766243
52.0,1,maize,A,2022,2259.6534731297825,3568.297196368955,1308.6437232391727,36.6741796218888
52.0,1,maize,A,2023,2688.2512312379504,3568.297196368955,880.0459651310048,24.662911094583887
52.0,1,maize,A,2024,3159.6819468934987,3568.297196368955,408.6152494754565,11.451267284890315
52.0,1,maize,A,2025,3118.288664185706,3568.297196368955,450.0085321832494,12.611296296765056
52.0,1,maize,B,2020,1278.232234703859,2770.779661169478,1492.547426465619,53.86741671965542
52.0,1,maize,B,2021,1480.086769756284,2770.779661169478,1290.692891413194,46.58229990285205
52.0,1,maize,B,2022,1442.806950071779,2770.779661169478,1327.972711097699,47.9277630664141
52.0,1,maize,B,2023,662.5006569097405,2770.779661169478,2108.2790042597376,76.08973870444412
52.0,1,maize,B,2024,1318.9238959878783,2770.779661169478,1451.8557651815997,52.39881703797432
52.0,1,maize,B,2025,1826.7703678560265,2770.779661169478,944.0092933134515,34.0701682830676
53.0,3,maize,A,2020,2130.862146511176,3690.3894249897508,1559.5272784785748,42.25915205365911
53.0,3,maize,A,2021,1815.339082386949,3690.3894249897508,1875.0503426028017,50.80901028779664
53.0,3,maize,A,2022,1741.6743368716063,3690.3894249897508,1948.7150881181444,52.80513419321748
53.0,3,maize,A,2023,2136.6873877785283,3690.3894249897508,1553.7020372112224,42.101303095283434
53.0,3,maize,A,2024,2528.2368978666736,3690.3894249897508,1162.152527123077,31.491324987370533
53.0,3,maize,A,2025,2390.2504817218946,3690.3894249897508,1300.1389432678561,35.23039965549074
53.0,3,maize,B,2024,1629.3475896976277,2666.6687953702944,1037.3212056726668,38.899514160648664
54.0,1,maize,A,2021,1553.203837412062,3568.297196368955,2015.093358956893,56.47212796645474
54.0,1,maize,A,2024,1703.666224994826,3568.297196368955,1864.630971374129,52.2554840239078
54.0,1,maize,A,2025,2604.26643156191,3568.297196368955,964.0307648070452,27.01654912006848
55.0,1,maize,A,2020,1633.5001644616946,3568.297196368955,1934.7970319072606,54.22185780590475
55.0,1,maize,A,2021,1545.2852864751865,3568.297196368955,2023.0119098937687,56.69404196355491
55.0,1,maize,A,2022,1153.570706225391,3568.297196368955,2414.726490143564,67.67167523492026
55.0,1,maize,A,2023,1643.4547866744358,3568.297196368955,1924.8424096945193,53.942883783705284
55.0,1,maize,A,2024,2616.57932625582,3568.297196368955,951.7178701131352,26.671485522046446
55.0,1,maize,A,2025,2668.406363134353,3568.297196368955,899.8908332346023,25.21905502014567
56.0,3,maize,A,2020,2009.7201126509742,3690.3894249897508,1680.6693123387765,45.541787567404064
56.0,3,maize,A,2021,2072.6591597641554,3690.3894249897508,1617.7302652255953,43.83630232275794
56.0,3,maize,A,2022,2075.1886802347467,3690.3894249897508,1615.200744755004,43.76775886624729
56.0,3,maize,A,2023,1316.8771835042448,3690.3894249897508,2373.512241485506,64.31603736486693
56.0,3,maize,A,2024,2195.7415162215784,3690.3894249897508,1494.6479087681723,40.50108908959719
56.0,3,maize,A,2025,2910.089203432864,3690.3894249897508,780.3002215568868,21.144116018570422
57.0,1,maize,A,2021,1120.9180948630958,3568.297196368955,2447.3791015058596,68.58675067750173
12.0,3,sorghum,B,2020,1062.4613270178306,1773.7207554643287,711.2594284464981,40.0998537258647
12.0,3,sorghum,B,2021,1053.7542592471582,1773.7207554643287,719.9664962171705,40.590746542214085
12.0,3,sorghum,B,2022,1115.6905492833037,1773.7207554643287,658.030206181025,37.09886148390728
12.0,3,sorghum,B,2023,1163.9151951161932,1773.7207554643287,609.8055603481355,34.3800205567589
12.0,3,sorghum,B,2024,1302.1410962665143,1773.7207554643287,471.5796591978144,26.587029426419672
12.0,3,sorghum,B,2025,1104.947952583879,1773.7207554643287,668.7728028804497,37.70451469433117
13.0,1,sorghum,B,2020,1225.043486006263,1811.6595930400822,586.6161070338192,32.380040339114665
21.0,1,sorghum,B,2020,968.8745276400011,1811.6595930400822,842.7850654000811,46.52005645198683
21.0,1,sorghum,B,2021,1114.2322405662774,1811.6595930400822,697.4273524738048,38.4966003079793
21.0,1,sorghum,B,2022,943.9506879981514,1811.6595930400822,867.7089050419308,47.895802742161905
21.0,1,sorghum,B,2023,966.0036351729093,1811.6595930400822,845.6559578671729,46.67852399622754
21.0,1,sorghum,B,2024,930.4291993568935,1811.6595930400822,881.2303936831887,48.64216197505554
21.0,1,sorghum,B,2025,914.8573928685937,1811.6595930400822,896.8022001714885,49.501694668069305
22.0,1,sorghum,B,2020,966.7111413383332,1811.6595930400822,844.948451701749,46.639471065525655
22.0,1,sorghum,B,2021,833.1849286854207,1811.6595930400822,978.4746643546615,54.009851967428254
22.0,1,sorghum,B,2023,907.019143661634,1811.6595930400822,904.6404493784482,49.934350407429626
22.0,1,sorghum,B,2024,882.6942903172086,1811.6595930400822,928.9653027228736,51.2770338474023
24.0,1,sorghum,B,2020,814.7344768120597,1811.6595930400822,996.9251162280225,55.02828015030779
24.0,1,sorghum,B,2021,822.8453939030944,1811.6595930400822,988.8141991369878,54.580573687007806
24.0,1,sorghum,B,2022,743.949243934877,1811.6595930400822,1067.7103491052053,58.93548397320703
24.0,1,sorghum,B,2023,1066.6615640707314,1811.6595930400822,744.9980289693508,41.12240687110517
24.0,1,sorghum,B,2024,1131.7133772653272,1811.6595930400822,679.946215774755,37.531676391466085
24.0,1,sorghum,B,2025,953.5089717624064,1811.6595930400822,858.1506212776758,47.36820452222172
25.0,2,sorghum,B,2020,558.3875692043573,1343.1045254478483,784.716956243491,58.4256058538581
25.0,2,sorghum,B,2021,688.8136017351113,1343.1045254478483,654.290923712737,48.714817895097816
25.0,2,sorghum,B,2022,869.0777277950018,1343.1045254478483,474.02679765284654,35.29336612835742
25.0,2,sorghum,B,2023,862.7517048153446,1343.1045254478483,480.3528206325037,35.76436617785452
25.0,2,sorghum,B,2024,836.7355013081415,1343.1045254478483,506.3690241397069,37.7013861948579
25.0,2,sorghum,B,2025,1013.4996897926592,1343.1045254478483,329.60483565518916,24.54052007197912
26.0,1,sorghum,B,2020,535.0011393230311,1811.6595930400822,1276.658453717051,70.4690030412797
26.0,1,sorghum,B,2022,793.7799563111008,1811.6595930400822,1017.8796367289814,56.184927932344806
26.0,1,sorghum,B,2023,838.3618740413384,1811.6595930400822,973.2977189987438,53.724094898285344
26.0,1,sorghum,B,2024,789.2466988685566,1811.6595930400822,1022.4128941715256,56.43515471114805
26.0,1,sorghum,B,2025,1043.618152638859,1811.6595930400822,768.0414404012231,42.39435727063934
28.0,1,sorghum,B,2020,830.306117498328,1811.6595930400822,981.3534755417542,54.168756609235814
28.0,1,sorghum,B,2021,814.2398159878478,1811.6595930400822,997.4197770522344,55.0555844422461
28.0,1,sorghum,B,2022,1173.460477889432,1811.6595930400822,638.1991151506502,35.22731961359864
28.0,1,sorghum,B,2023,919.3380682031511,1811.6595930400822,892.3215248369311,49.25437031686277
28.0,1,sorghum,B,2024,1092.5287024311028,1811.6595930400822,719.1308906089794,39.69459237108839
28.0,1,sorghum,B,2025,1001.8592113185091,1811.6595930400822,809.8003817215731,44.6993676313482
31.0,4,sorghum,B,2023,844.1503645551662,1876.5875820511333,1032.4372174959672,55.016735023233
31.0,4,sorghum,B,2024,1097.4133215727109,1876.5875820511333,779.1742604784224,41.520804460763586
41.0,4,sorghum,B,2020,552.081007285794,1876.5875820511333,1324.5065747653393,70.58058933320007
41.0,4,sorghum,B,2021,687.2530863554412,1876.5875820511333,1189.334495695692,63.37751070460218
41.0,4,sorghum,B,2022,941.6767352593454,1876.5875820511333,934.9108467917879,49.81972894491388
41.0,4,sorghum,B,2023,812.7041159951009,1876.5875820511333,1063.8834660560324,56.692449434904326
41.0,4,sorghum,B,2024,1306.8851447650784,1876.5875820511333,569.7024372860549,30.358425193422793
41.0,4,sorghum,B,2025,1104.3230938410566,1876.5875820511333,772.2644882100767,41.15259503987457
44.0,0,sorghum,B,2020,871.0764104706744,1972.850479691631,1101.7740692209568,55.846810519222466
44.0,0,sorghum,B,2021,1196.4067946125494,1972.850479691631,776.4436850790817,39.356438466661935
44.0,0,sorghum,B,2022,1231.5407622129405,1972.850479691631,741.3097174786906,37.57556515862073
44.0,0,sorghum,B,2023,1480.513622191018,1972.850479691631,492.3368575006132,24.955609285584
44.0,0,sorghum,B,2024,1649.5456457191915,1972.850479691631,323.3048339724396,16.387700806549425
44.0,0,sorghum,B,2025,1331.4350565519696,1972.850479691631,641.4154231396615,32.51211532461997
45.0,4,sorghum,B,2020,1121.7673192368775,1876.5875820511333,754.8202628142558,40.22302343007237
45.0,4,sorghum,B,2021,1109.1360867015028,1876.5875820511333,767.4514953496305,40.89611924804471
45.0,4,sorghum,B,2022,1138.476092531194,1876.5875820511333,738.1114895199394,39.33264274898241
45.0,4,sorghum,B,2023,1334.0858383829366,1876.5875820511333,542.5017436681967,28.908948820562674
45.0,4,sorghum,B,2024,1568.3962681824096,1876.5875820511333,308.1913138687237,16.422964577644002
45.0,4,sorghum,B,2025,1467.8390741219077,1876.5875820511333,408.7485079292255,21.78147781850173
51.0,3,sorghum,B,2020,915.5578735068569,1773.7207554643287,858.1628819574718,48.38207363327718
51.0,3,sorghum,B,2021,996.8582992671304,1773.7207554643287,776.8624561971983,43.798464544314896
51.0,3,sorghum,B,2022,1184.976407222878,1773.7207554643287,588.7443482414508,33.19261763317011
51.0,3,sorghum,B,2023,1217.2614211371404,1773.7207554643287,556.4593343271883,31.372431799813782
51.0,3,sorghum,B,2024,1169.9955337545935,1773.7207554643287,603.7252217097353,34.03721920994777
51.0,3,sorghum,B,2025,1012.1558194515901,1773.7207554643287,761.5649360127386,42.93601084988005
52.0,1,sorghum,A,2020,1495.9578009383843,1985.2849646550085,489.3271637166242,24.647704104365527
52.0,1,sorghum,A,2021,1731.323675409474,1985.2849646550085,253.96128924553454,12.792183176064423
52.0,1,sorghum,A,2022,1326.429761399356,1985.2849646550085,658.8552032556524,33.1869336133387
52.0,1,sorghum,A,2023,1685.6198642719548,1985.2849646550085,299.66510038305364,15.094311684122774
52.0,1,sorghum,A,2024,1947.285683273713,1985.2849646550085,37.99928138129553,1.914046701497023
52.0,1,sorghum,A,2025,1708.9521235404973,1985.2849646550085,276.3328411145112,13.919051724774976
52.0,1,sorghum,B,2020,977.2230249189967,1811.6595930400822,834.4365681210855,46.059236035664235
52.0,1,sorghum,B,2021,873.3262255617133,1811.6595930400822,938.3333674783689,51.79413235704975
52.0,1,sorghum,B,2022,923.6629178734222,1811.6595930400822,887.99667516666,49.01564723185905
52.0,1,sorghum,B,2024,1716.02079193305,1811.6595930400822,95.63880110703212,5.279071271140072
52.0,1,sorghum,B,2025,1290.375253426678,1811.6595930400822,521.2843396134042,28.773856943988868
53.0,3,sorghum,A,2021,775.1729676025449,1709.9765456427442,934.8035780401993,54.667625729850364
53.0,3,sorghum,A,2022,730.791536356036,1709.9765456427442,979.1850092867082,57.26306666496722
53.0,3,sorghum,A,2023,907.961425251889,1709.9765456427442,802.0151203908553,46.902112338002546
53.0,3,sorghum,A,2024,1097.632868337188,1709.9765456427442,612.3436773055562,35.810062943020604
53.0,3,sorghum,A,2025,934.0856848117762,1709.9765456427442,775.890860830968,45.3743569061251
53.0,3,sorghum,B,2020,1150.2266132549205,1773.7207554643287,623.4941422094082,35.15176446397214
53.0,3,sorghum,B,2021,1173.8147985226883,1773.7207554643287,599.9059569416404,33.82189417886107
53.0,3,sorghum,B,2022,1172.281296080475,1773.7207554643287,601.4394593838538,33.908350992172245
53.0,3,sorghum,B,2023,1503.4115536397233,1773.7207554643287,270.30920182460545,15.239670674871439
53.0,3,sorghum,B,2024,1130.6067558740845,1773.7207554643287,643.1139995902442,36.25790573905126
53.0,3,sorghum,B,2025,1068.480765399365,1773.7207554643287,705.2399900649636,39.760485853949675
54.0,1,sorghum,A,2023,806.8067458986488,1985.2849646550085,1178.4782187563596,59.360658028312265
54.0,1,sorghum,A,2024,1413.469000962323,1985.2849646550085,571.8159636926855,28.80271466681119
54.0,1,sorghum,A,2025,1268.513188701969,1985.2849646550085,716.7717759530394,36.104226280563
54.0,1,sorghum,B,2020,1020.907816088957,1811.6595930400822,790.7517769511252,43.647922600304426
54.0,1,sorghum,B,2021,1132.602977796167,1811.6595930400822,679.0566152439153,37.48257221459658
54.0,1,sorghum,B,2022,1379.0501237411333,1811.6595930400822,432.60946929894885,23.879180777720062
54.0,1,sorghum,B,2023,1307.713988054816,1811.6595930400822,503.9456049852663,27.816793338069264
54.0,1,sorghum,B,2024,1077.7069682768667,1811.6595930400822,733.9526247632155,40.512722565699846
54.0,1,sorghum,B,2025,1322.9548714997563,1811.6595930400822,488.70472154032586,26.975526937720552
55.0,1,sorghum,A,2020,941.6418593181337,1985.2849646550085,1043.6431053368747,52.56893211389595
55.0,1,sorghum,A,2022,717.634562911373,1985.2849646550085,1267.6504017436355,63.85231462043136
55.0,1,sorghum,A,2023,911.3599057740067,1985.2849646550085,1073.9250588810019,54.094252361782345
55.0,1,sorghum,A,2024,1034.4988346416064,1985.2849646550085,950.786130013402,47.891670311351206
55.0,1,sorghum,A,2025,1098.8007610488612,1985.2849646550085,886.4842036061473,44.65274352995443
55.0,1,sorghum,B,2020,619.7334954980671,1811.6595930400822,1191.9260975420152,65.79194580047381
55.0,1,sorghum,B,2021,791.2121694940982,1811.6595930400822,1020.447423545984,56.32666464860582
55.0,1,sorghum,B,2022,864.7097160254743,1811.6595930400822,946.9498770146079,52.26974651598674
55.0,1,sorghum,B,2023,1168.7549617172126,1811.6595930400822,642.9046313228696,35.48705473107307
55.0,1,sorghum,B,2024,1248.555030883059,1811.6595930400822,563.1045621570231,31.08224990612597
55.0,1,sorghum,B,2025,1084.3550431479962,1811.6595930400822,727.304549892086,40.14576207838371
56.0,3,sorghum,B,2020,447.76093487626383,1773.7207554643287,1325.9598205880648,74.75583834169838
56.0,3,sorghum,B,2021,661.0562563877727,1773.7207554643287,1112.664499076556,62.73053385933234
56.0,3,sorghum,B,2022,884.0623462777224,1773.7207554643287,889.6584091866063,50.15774926497431
56.0,3,sorghum,B,2023,911.9547701367092,1773.7207554643287,861.7659853276195,48.58521177433166
56.0,3,sorghum,B,2024,1370.6872059613504,1773.7207554643287,403.0335495029783,22.722491590705395
56.0,3,sorghum,B,2025,1075.132129271341,1773.7207554643287,698.5886261929877,39.38549086945253
57.0,1,sorghum,A,2020,775.2143053656744,1985.2849646550085,1210.0706592893341,60.951988295524785
57.0,1,sorghum,A,2022,758.6312035578867,1985.2849646550085,1226.6537610971218,61.787289126540216
57.0,1,sorghum,A,2023,376.2007053868269,1985.2849646550085,1609.0842592681815,81.05054377157383
57.0,1,sorghum,A,2024,935.4671674576863,1985.2849646550085,1049.8177971973223,52.87995506376857
57.0,1,sorghum,A,2025,717.1790124842707,1985.2849646550085,1268.1059521707377,63.87526096995864
57.0,1,sorghum,B,2020,531.216509905762,1811.6595930400822,1280.4430831343202,70.67790704464815
57.0,1,sorghum,B,2021,594.8299851600635,1811.6595930400822,1216.8296078800186,67.1665699535805
57.0,1,sorghum,B,2022,641.9624213707185,1811.6595930400822,1169.6971716693638,64.56495338103424
57.0,1,sorghum,B,2024,1008.7216896865743,1811.6595930400822,802.9379033535079,44.32057249817699
57.0,1,sorghum,B,2025,906.8165729455184,1811.6595930400822,904.8430200945638,49.94553190735896
21.0,1,beans,A,2019,619.6374048688228,1034.7062121999309,415.068807331108,40.11465307129193
22.0,1,beans,A,2019,484.7402067863524,1034.7062121999309,549.9660054135784,53.1518994405449
24.0,1,beans,A,2019,519.6327234933982,1034.7062121999309,515.0734887065327,49.77968457456286
26.0,1,beans,A,2019,422.9720924755827,1034.7062121999309,611.7341197243481,59.12152768694753
27.0,4,beans,A,2019,364.95553633224444,1352.46595180856,987.5104154763155,73.01554720514667
28.0,1,beans,A,2019,294.7658700861436,1034.7062121999309,739.9403421137872,71.51211941992403
34.0,0,beans,A,2019,1010.7052779667449,1528.1373165058644,517.4320385391195,33.86031038900644
35.0,4,beans,A,2019,655.886373435089,1352.46595180856,696.579578373471,51.50440774068898
37.0,2,beans,A,2019,687.3621242639149,1021.1626624302658,333.80053816635086,32.6882827239236
41.0,4,beans,A,2019,764.497474888374,1352.46595180856,587.968476920186,43.47380990508013
42.0,4,beans,A,2019,1121.6692750376585,1352.46595180856,230.7966767709015,17.064878894901046
44.0,0,beans,A,2019,1351.4105369393735,1528.1373165058644,176.7267795664909,11.564849418806316
45.0,4,beans,A,2019,801.5588380661203,1352.46595180856,550.9071137424397,40.73352922531983
52.0,1,beans,A,2019,718.453788422265,1034.7062121999309,316.25242377766585,30.56446555059032
53.0,3,beans,A,2019,853.772418321337,1024.449621601022,170.67720327968505,16.66038033309522
54.0,1,beans,A,2019,235.8472968425881,1034.7062121999309,798.8589153573428,77.20635151680943
57.0,1,beans,A,2019,179.28323628366797,1034.7062121999309,855.4229759162629,82.67302987362118
31.0,4,maize,A,2019,788.1633909850171,2888.1625365929567,2099.9991456079397,72.71055970711468
33.0,0,maize,A,2019,2212.3411874211693,3331.641064824368,1119.299877403199,33.59605238453874
35.0,4,maize,A,2019,552.6696706925417,2888.1625365929567,2335.492865900415,80.86431550543888
41.0,4,maize,A,2019,1232.4144309407845,2888.1625365929567,1655.7481056521722,57.32877165581506
43.0,0,maize,A,2019,1453.8246885236751,3331.641064824368,1877.816376300693,56.36310574169503
44.0,0,maize,A,2019,846.8796102696047,3331.641064824368,2484.7614545547635,74.58070681109675
52.0,1,maize,A,2019,2167.677822130253,3568.297196368955,1400.6193742387022,39.25175783182945
53.0,3,maize,A,2019,2097.337381458116,3690.3894249897508,1593.0520435316348,43.16758640007373
56.0,3,maize,A,2019,905.2572167019887,3690.3894249897508,2785.1322082877623,75.46987289276382
52.0,1,sorghum,A,2019,839.6653500555955,1985.2849646550085,1145.6196145994131,57.7055503363716
53.0,3,sorghum,A,2019,905.1909437035578,1709.9765456427442,804.7856019391864,47.06413102506529
54.0,1,sorghum,A,2019,465.1972888524553,1985.2849646550085,1520.0876758025531,76.56773223317617
